"raw_name","entity_uuid","reviewed_date","source"
"NORTHERN CALIFORNIA CARPENTERS REGIONAL COUNCIL","9e62cbc2-f7d4-4056-b452-bbb52b5369ef","2026-08-28","manual_review"
"CA REAL ESTATE PAC","4b309bd1-b0a1-4b2d-b660-de28e0ab751e","2026-08-28","manual_review"
"CALIFORNIA ASSOCIATION OF REALTORS","4b309bd1-b0a1-4b2d-b660-de28e0ab751e","2026-08-28","manual_review"
"CALIFORNIA REAL ESTATE INDEPENDENT EXPENDITURE COMMITTEE - CALIFORNIA ASSOCIATION OF REALTORS","4b309bd1-b0a1-4b2d-b660-de28e0ab751e","2026-08-28","manual_review"
"CALIFORNIA REAL ESTATE PAC","4b309bd1-b0a1-4b2d-b660-de28e0ab751e","2026-08-28","manual_review"
"CALIFORNIA REAL ESTATE PAC (CREPAC)","4b309bd1-b0a1-4b2d-b660-de28e0ab751e","2026-08-28","manual_review"
"CALIFORNIA REAL ESTATE PAC (CREPAC) - CALIFORNIA ASSOCIATION OF REALTORS","4b309bd1-b0a1-4b2d-b660-de28e0ab751e","2026-08-28","manual_review"
"CALIFORNIA REAL ESTATE PAC (CREPAC) - CALIFORNIA ASSOCIATION OF REALTORS SMALL CONTRIBUTOR COMMITTEE","4b309bd1-b0a1-4b2d-b660-de28e0ab751e","2026-08-28","manual_review"
"CALIFORNIA REAL ESTATE PAC (CREPAC) CALIFORNIA ASSOCIATION OF REALTORS SMALL CONTRIBUTOR COMMITTEE","4b309bd1-b0a1-4b2d-b660-de28e0ab751e","2026-08-28","manual_review"
"CALIFORNIA REAL ESTATE PAC (CREPAC) SMALL CONTRIBUTOR COMMITTEE","4b309bd1-b0a1-4b2d-b660-de28e0ab751e","2026-08-28","manual_review"
"CALIFORNIA REAL ESTATE PAC SMALL CONTRIBUTOR COMMITTEE (CREPAC)","4b309bd1-b0a1-4b2d-b660-de28e0ab751e","2026-08-28","manual_review"
"CALIFORNIA REAL ESTATE POLITICAL ACTION COMMITTEE","4b309bd1-b0a1-4b2d-b660-de28e0ab751e","2026-08-28","manual_review"
"CALIFORNIA REAL ESTATE POLITICAL ACTION COMMITTEE (CREPAC)","4b309bd1-b0a1-4b2d-b660-de28e0ab751e","2026-08-28","manual_review"
"CALIFORNIA REAL ESTATE POLITICAL ACTION COMMITTEE (CREPAC) - CALIFORNIA  ASSOCIATION OF REALTORS","4b309bd1-b0a1-4b2d-b660-de28e0ab751e","2026-08-28","manual_review"
"CALIFORNIA REAL ESTATE POLITICAL ACTION COMMITTEE (CREPAC) - CALIFORNIA ASSOCIATION OF REALTORS","4b309bd1-b0a1-4b2d-b660-de28e0ab751e","2026-08-28","manual_review"
"CA TEAMSTERS PUBLIC AFFAIRS COUNCIL","29f633c8-20b6-4547-b80f-1d596c11cd7b","2026-08-28","manual_review"
"CALIFORNIA TEAMSTERS PAC","29f633c8-20b6-4547-b80f-1d596c11cd7b","2026-08-28","manual_review"
"CALIFORNIA TEAMSTERS PUBLIC AFFAIRS COUNCIL","29f633c8-20b6-4547-b80f-1d596c11cd7b","2026-08-28","manual_review"
"CALIFORNIA TEAMSTERS PUBLIC AFFAIRS COUNCIL PUBLIC AFFAIRS FUND","29f633c8-20b6-4547-b80f-1d596c11cd7b","2026-08-28","manual_review"
"TEAMSTERS CALIFORNIA PAC","29f633c8-20b6-4547-b80f-1d596c11cd7b","2026-08-28","manual_review"
"TEAMSTERS CALIFORNIA PAC SMALL CONTRIBUTOR COMMITTEE","29f633c8-20b6-4547-b80f-1d596c11cd7b","2026-08-28","manual_review"
"TEAMSTERS LOCAL 166","a8550b23-f84b-4bce-a71e-3cf82b81d5dd","2026-08-28","manual_review"
"D.R.I.V.E - DEMOCRAT, REPUBLICAN, INDEPENDENT VOTER EDUCATION (THE PAC OF THE INTERNATIONAL BROTHERHOOD OF TEAMSTERS)","bdebac24-46cb-4f53-bd7b-3e97b1473034","2026-08-28","manual_review"
"D.R.I.V.E. - DEMOCRAT, REPUBLICAN, INDEPENDENT VOTER EDUCATION (THE PAC OF THE INTERNATIONAL BROTHERHOOD OF TEAMSTERS)","bdebac24-46cb-4f53-bd7b-3e97b1473034","2026-08-28","manual_review"
"D.R.I.V.E. DEMOCRAT, REPUBLICAN, INDEPENDENT VOTER EDU (THE PAC OF INT'L BROTHERHOOD OF TEAMSTERS)","bdebac24-46cb-4f53-bd7b-3e97b1473034","2026-08-28","manual_review"
"DRIVE COMMITTEE","bdebac24-46cb-4f53-bd7b-3e97b1473034","2026-08-28","manual_review"
"NORTHERN CALIFORNIA DISTRICT COUNCIL OF LABORERS","fbe92020-c26f-45c7-a407-23115251c6bb","2026-08-28","manual_review"
"NORTHERN CALIFORNIA DISTRICT COUNCIL OF LABORERS PAC","fbe92020-c26f-45c7-a407-23115251c6bb","2026-08-28","manual_review"
"SOUTHERN CA DISTRICT COUNCIL OF LABORERS PAC","1411eff6-0fa8-40b1-9efe-429c7edf667a","2026-08-28","manual_review"
"SOUTHERN CALIFORNIA DISTRICT COUNCIL OF LABORERS","1411eff6-0fa8-40b1-9efe-429c7edf667a","2026-08-28","manual_review"
"SOUTHERN CALIFORNIA DISTRICT COUNCIL OF LABORERS PAC","1411eff6-0fa8-40b1-9efe-429c7edf667a","2026-08-28","manual_review"
"SOUTHERN CALIFORNIA DISTRICT COUNCIL OF LABORERS PAC SMALL CONTRIBUTOR COMMITTEE","1411eff6-0fa8-40b1-9efe-429c7edf667a","2026-08-28","manual_review"
"LOCAL 770 UNITED FOOD AND COMMERCIAL WORKERS PAC","d3883c6e-1639-447d-83e7-f9c3af84e128","2026-08-28","manual_review"
"UFCW 8 GOLDEN STATE (INTERMEDIARY FOR UNITEMIZED MEMBER DUES)","571ed5bc-3850-4a67-a267-d03519a6729d","2026-08-28","manual_review"
"UNITED FOOD AND COMMERCIAL WORKERS 8 GOLDEN STATE","571ed5bc-3850-4a67-a267-d03519a6729d","2026-08-28","manual_review"
"UNITED FOOD AND COMMERCIAL WORKERS 8 GOLDEN STATE PAC","571ed5bc-3850-4a67-a267-d03519a6729d","2026-08-28","manual_review"
"UNITED FOOD AND COMMERCIAL WORKERS ACTIVE BALLOT CLUB (CALIFORNIA) (FED PAC ID# C00002766)","c2587d8d-e9de-4167-8d7d-951a325525f8","2026-08-28","manual_review"
"UNITED FOOD AND COMMERCIAL WORKERS INTERNATIONAL UNION","c2587d8d-e9de-4167-8d7d-951a325525f8","2026-08-28","manual_review"
"UNITED FOOD & COMMERCIAL WORKERS WESTERN STATES COUNCIL CANDIDATE","760be8fd-377b-40de-b79f-aebf55ca929f","2026-08-28","manual_review"
"UNITED FOOD AND COMMERCIAL WORKERS WESTERN STATES COUNCIL CANDIDATE PAC","760be8fd-377b-40de-b79f-aebf55ca929f","2026-08-28","manual_review"
"UNITED FOOD AND COMMERCIAL WORKERS WESTERN STATES COUNCIL CANDIDATE PAC SMALL CONTRIBUTOR COMMITTEE","760be8fd-377b-40de-b79f-aebf55ca929f","2026-08-28","manual_review"
"UNITED FOOD AND COMMERCIAL WORKERS WESTERN STATES COUNCIL CANDIDATES PAC","760be8fd-377b-40de-b79f-aebf55ca929f","2026-08-28","manual_review"
"FOREMEN'S UNION LOCAL 94 POLITICAL ACTION COMMITTEE","2b6a60ae-177d-4603-9f64-1cd14b01ba6d","2026-08-28","manual_review"
"FOREMEN'S UNION LOCAL 94 POLITICAL ACTION FUND","2b6a60ae-177d-4603-9f64-1cd14b01ba6d","2026-08-28","manual_review"
"INTERNATIONAL LONGSHORE AND WAREHOUSE UNION FOREMEN'S LOCAL 94 PAC","2b6a60ae-177d-4603-9f64-1cd14b01ba6d","2026-08-28","manual_review"
"INTERNATIONAL LONGSHORE AND WAREHOUSE UNION FOREMEN'S LOCAL 94 PAC (ILWU)","2b6a60ae-177d-4603-9f64-1cd14b01ba6d","2026-08-28","manual_review"
"I.L.W.U. LOCAL 13 POLITICAL ACTION COMMITTEE FUND","5c2e5ffa-51f7-4403-add6-53731c400a64","2026-08-28","manual_review"
"ILWU LOCAL 13","5c2e5ffa-51f7-4403-add6-53731c400a64","2026-08-28","manual_review"
"INTERNATIONAL LONGSHORE & WAREHOUSE UNION LOCAL 13","5c2e5ffa-51f7-4403-add6-53731c400a64","2026-08-28","manual_review"
"INTERNATIONAL LONGSHORE & WAREHOUSE UNION LOCAL 13 PAC","5c2e5ffa-51f7-4403-add6-53731c400a64","2026-08-28","manual_review"
"INTERNATIONAL LONGSHORE AND WAREHOUSE UNION (I.L.W.U.) LOCAL 13 PAC","5c2e5ffa-51f7-4403-add6-53731c400a64","2026-08-28","manual_review"
"INTERNATIONAL LONGSHORE AND WAREHOUSE UNION (ILWU) LOCAL 13 PAC SMALL CONTRIBUTOR COMMITTEE","5c2e5ffa-51f7-4403-add6-53731c400a64","2026-08-28","manual_review"
"INTERNATIONAL LONGSHORE AND WAREHOUSE UNION LOCAL 13 PAC","5c2e5ffa-51f7-4403-add6-53731c400a64","2026-08-28","manual_review"
"INTERNATIONAL LONGSHORE AND WAREHOUSE UNION LOCAL 13","5c2e5ffa-51f7-4403-add6-53731c400a64","2026-08-28","manual_review"
"INTERNATIONAL LONGSHORE AND WAREHOUSE UNION LOCAL 13 PAC FUND","5c2e5ffa-51f7-4403-add6-53731c400a64","2026-08-28","manual_review"
"INTERNATIONAL LONGSHORE AND WAREHOUSE UNION FOREMEN'S LOCAL 94 (ADMIN)","2b6a60ae-177d-4603-9f64-1cd14b01ba6d","2026-08-28","manual_review"
"INTERNATIONAL LONGSHORE & WAREHOUSE UNION, LOCAL 63","b7b2065e-b860-43d3-b082-d9c7cda36118","2026-08-28","manual_review"
"MARINE CLERKS ILWU LOCAL 63 - PAC","b7b2065e-b860-43d3-b082-d9c7cda36118","2026-08-28","manual_review"
"MARINE CLERKS ILWU LOCAL 63 PAC SMALL CONTRIBUTOR COMMITTEE","b7b2065e-b860-43d3-b082-d9c7cda36118","2026-08-28","manual_review"
"MARINE CLERKS ILWU LOCAL 63- PAC","b7b2065e-b860-43d3-b082-d9c7cda36118","2026-08-28","manual_review"
"MARINE CLERKS ILWU LOCAL 63- PAC SMALL CONTRIBUTOR COMMITTEE","b7b2065e-b860-43d3-b082-d9c7cda36118","2026-08-28","manual_review"
"MARINE CLERKS PAC LOCAL 63 ILWU","b7b2065e-b860-43d3-b082-d9c7cda36118","2026-08-28","manual_review"
"MARINE CLERKS POLITICAL ACTION COMMITTEE LOCAL 63 ILWU","b7b2065e-b860-43d3-b082-d9c7cda36118","2026-08-28","manual_review"
"NORTHERN CALIFORNIA DISTRICT COUNCIL ILWU","61b18f05-0309-4823-b4f7-d99f0130c953","2026-08-28","manual_review"
"IBEW 302 PAC","7982f64f-ea81-40ec-b7f5-8ead39c41868","2026-08-28","manual_review"
"IBEW 332 EDUCATION FUND SPONSORED BY INTERNATIONAL BROTHERHOOD OF ELECTRICAL WORKERS LOCAL 332 SMALL CONTRIBUTOR COMMITTEE","a4aa5814-a7ab-42f6-b316-08e6c1d48095","2026-08-28","manual_review"
"IBEW LOCAL 332","a4aa5814-a7ab-42f6-b316-08e6c1d48095","2026-08-28","manual_review"
"IBEW LOCAL 1245 POLITICAL ACTION COMMITTEE","71da9155-d8e9-41d7-bb87-126e9b89cd2d","2026-08-28","manual_review"
"IBEW LOCAL UNION 1245","71da9155-d8e9-41d7-bb87-126e9b89cd2d","2026-08-28","manual_review"
"INTERNATIONAL BROTHERHOOD OF ELECTRICAL WORKERS (IBEW) LOCAL UNION 1245 PAC","71da9155-d8e9-41d7-bb87-126e9b89cd2d","2026-08-28","manual_review"
"INTERNATIONAL BROTHERHOOD OF ELECTRICAL WORKERS (IBEW) LOCAL UNION 1245 SMALL CONTRIBUTOR COMMITTEE","71da9155-d8e9-41d7-bb87-126e9b89cd2d","2026-08-28","manual_review"
"INTERNATIONAL BROTHERHOOD OF ELECTRICAL WORKERS LOCAL UNION 1245","71da9155-d8e9-41d7-bb87-126e9b89cd2d","2026-08-28","manual_review"
"IBEW LOCAL 18","56eca98c-74f0-4335-acb0-3110d5d1df61","2026-08-28","manual_review"
"IBEW LOCAL 18 WATER & POWER DEFENSE LEAGUE","56eca98c-74f0-4335-acb0-3110d5d1df61","2026-08-28","manual_review"
"IBEW LOCAL 6 POLITICAL ACCOUNT","93326e1e-44b8-4d4f-bf46-57fe85ce7d1b","2026-08-28","manual_review"
"IBEW LOCAL 684 PAC","01f94531-db49-4144-bd74-4f64bff23a08","2026-08-28","manual_review"
"IBEW PAC EDUCATIONAL FUND (FEC ID #C00027342)","955473d1-c58c-48b9-adc7-58720b3cf513","2026-08-28","manual_review"
"INTERNATIONAL BROTHERHOOD OF ELECTRICAL WORKERS POLITICAL ACTION COMMITTEE","955473d1-c58c-48b9-adc7-58720b3cf513","2026-08-28","manual_review"
"INTERNATIONAL BROTHERHOOD OF ELECTRICA WORKES LOCAL 569","4e2eda30-9690-49f1-8626-b468e9c31102","2026-08-28","manual_review"
"INTERNATIONAL BROTHERHOOD OF ELECTRICAL WORKERS LOCAL NO. 11 POLITICAL ACTION COMMITTEE","abe62467-94cf-4b01-a3ce-779164eaf832","2026-08-28","manual_review"
"INTERNATIONAL BROTHERHOOD OF ELECTRICAL WORKERS LOCAL NO. 11","abe62467-94cf-4b01-a3ce-779164eaf832","2026-08-28","manual_review"
"INTERNATIONAL BROTHERHOOD OF ELECTRICAL WORKERS LOCAL NO. 11 PAC","abe62467-94cf-4b01-a3ce-779164eaf832","2026-08-28","manual_review"
"INTERNATIONAL BROTHERHOOD OF ELECTRICAL WORKERS LOCAL NO.11 POLITICAL ACTION COMMITTEE","abe62467-94cf-4b01-a3ce-779164eaf832","2026-08-28","manual_review"
"LOCAL UNION 11, INTERNATIONAL BROTHERHOOD OF ELECTRICAL WORKERS","abe62467-94cf-4b01-a3ce-779164eaf832","2026-08-28","manual_review"
"INTERNATIONAL BROTHERHOOD OF ELECTRICAL WORKERS LOCAL 595 PAC","a4e8d0a5-a4f5-433e-8950-756609ad3f3c","2026-08-28","manual_review"
"INTERNATIONAL BROTHERHOOD OF ELECTRICAL WORKERS LOCAL UNION NO. 100","85908829-c498-4462-93c1-ff53f652f0ad","2026-08-28","manual_review"
"CALIFORNIA APPLICANTS' ATTORNEYS ASSOCIATION","054b2e09-2483-4d05-a73d-cef4cd89a7cf","2026-08-28","manual_review"
"CALIFORNIA APPLICANTS' ATTORNEYS ASSOCIATION PAC","054b2e09-2483-4d05-a73d-cef4cd89a7cf","2026-08-28","manual_review"
"CALIFORNIA APPLICANTS' ATTORNEYS ASSOCIATION SCC","054b2e09-2483-4d05-a73d-cef4cd89a7cf","2026-08-28","manual_review"
"CALIFORNIA-NEVADA CONFERENCE OF OPERATING ENGINEERS","fee96970-a821-4977-8909-1d458e7424d0","2026-08-28","manual_review"
"CALIFORNIA-NEVADA CONFERENCE OF OPERATING ENGINEERS PAC","fee96970-a821-4977-8909-1d458e7424d0","2026-08-28","manual_review"
"CALIFORNIA-NEVADA CONFERENCE OF OPERATING ENGINEERS PAC SMALL CONTRIBUTOR COMMITTEE","fee96970-a821-4977-8909-1d458e7424d0","2026-08-28","manual_review"
"CALIFORNIA-NEVADA CONFERENCE OF OPERATING ENGINEERS POLITICAL ACTION COMMITTEE","fee96970-a821-4977-8909-1d458e7424d0","2026-08-28","manual_review"
"INTERNATIONAL UNION OF OPERATING ENGINEERS LOCAL 12","8e628086-3eeb-46ed-94a1-4fc5184d2ca6","2026-08-28","manual_review"
"OPERATING ENGINEERS LOCAL UNION NO. 12 POLITICAL FUND","8e628086-3eeb-46ed-94a1-4fc5184d2ca6","2026-08-28","manual_review"
"OPERATING ENGINEERS LOCAL UNION NO. 12 POLITICAL FUND SMALL CONTRIBUTOR COMMITTEE","8e628086-3eeb-46ed-94a1-4fc5184d2ca6","2026-08-28","manual_review"
"INTERNATIONAL UNION OF OPERATING ENGINEERS LOCAL UNION NO. 3 (INTERMEDIARY FOR UNITEMIZED MEMBER CONTRIBUTIONS)","770a4c69-ac91-473c-a6e1-e54b8c871922","2026-08-28","manual_review"
"OPERATING ENGINEERS 3 STATEWIDE PAC SMALL CONTRIBUTOR COMMITTEE","770a4c69-ac91-473c-a6e1-e54b8c871922","2026-08-28","manual_review"
"OPERATING ENGINEERS LOCAL NO. 3 STATEWIDE PAC SMALL CONTRIBUTOR COMMITTEE","770a4c69-ac91-473c-a6e1-e54b8c871922","2026-08-28","manual_review"
"OPERATING ENGINEERS LOCAL UNION 3 STATEWIDE PAC","770a4c69-ac91-473c-a6e1-e54b8c871922","2026-08-28","manual_review"
"OPERATING ENGINEERS LOCAL UNION 3 STATEWIDE PAC SMALL CONTRIBUTOR COMMITTEE","770a4c69-ac91-473c-a6e1-e54b8c871922","2026-08-28","manual_review"
"CALIFORNIA CHARTER SCHOOLS ASSOCIATION ADVOCATES","3fcda0d9-80ab-4bbd-82d7-d54be758404d","2026-08-28","manual_review"
"CCSA ADVOCATES FOR GREAT PUBLIC SCHOOLS","3fcda0d9-80ab-4bbd-82d7-d54be758404d","2026-08-28","manual_review"
"CHARTER PUBLIC SCHOOL PAC, SPONSORED BY CALIFORNIA CHARTER SCHOOLS ASSOCIATION ADVOCATES","df13e1e8-be9c-4244-b938-aab04647a456","2026-08-28","manual_review"
"CHARTER PUBLIC SCHOOLS PAC","df13e1e8-be9c-4244-b938-aab04647a456","2026-08-28","manual_review"
"CHARTER PUBLIC SCHOOLS PAC, SPONSORED BY CALIFORNIA CHARTER SCHOOLS ASSOCIATION ADVOCATES","df13e1e8-be9c-4244-b938-aab04647a456","2026-08-28","manual_review"
"CHARTER PUBLIC SCHOOLS POLITICAL ACTION COMMITTEE","df13e1e8-be9c-4244-b938-aab04647a456","2026-08-28","manual_review"
"CHARTER PUBLIC SCHOOLS POLITICAL ACTION COMMITTEE, SPONSORED BY CALIFORNIA CHARTER SCHOOLS ASSOCIATION ADVOCATES","df13e1e8-be9c-4244-b938-aab04647a456","2026-08-28","manual_review"
"PERSONAL INSURANCE FEDERATION AGENTS & EMPLOYEES SMALL CONTRIBUTOR COMMITTEE","74ac9fa2-63d6-434f-858c-9ef1a5e05fb2","2026-08-28","manual_review"
"PERSONAL INSURANCE FEDERATION OF CA AGENTS & EMPLOYEES PAC","74ac9fa2-63d6-434f-858c-9ef1a5e05fb2","2026-08-28","manual_review"
"PERSONAL INSURANCE FEDERATION OF CALIFORNIA","74ac9fa2-63d6-434f-858c-9ef1a5e05fb2","2026-08-28","manual_review"
"PERSONAL INSURANCE FEDERATION OF CALIFORNIA AGENTS & EMPLOYEES PAC","74ac9fa2-63d6-434f-858c-9ef1a5e05fb2","2026-08-28","manual_review"
"INTERNATIONAL UNION OF PAINTERS & ALLIED TRADES LEGISLATIVE EDUCATIONAL COMMITTEE (MPO)","d2cd4ef5-2b6a-4b3d-a91b-fdc7740a8bea","2026-08-28","manual_review"
"INTERNATIONAL UNION OF PAINTERS & ALLIED TRADES POLITICAL ACTION TOGETHER LEGISLATIVE EDUCATION COMMITTEE","d2cd4ef5-2b6a-4b3d-a91b-fdc7740a8bea","2026-08-28","manual_review"
"INTERNATIONAL UNION OF PAINTERS AND ALLIED TRADES (IUPAT) LEGISLATIVE EDUCATIONAL COMMITTEE (MPO)","d2cd4ef5-2b6a-4b3d-a91b-fdc7740a8bea","2026-08-28","manual_review"
"INTERNATIONAL UNION OF PAINTERS AND ALLIED TRADES (IUPAT) POLITICAL ACTION TOGETHER LEGISLATIVE EDUCATIONAL COMMITTEE (MPO)","d2cd4ef5-2b6a-4b3d-a91b-fdc7740a8bea","2026-08-28","manual_review"
"IUPAT POLITICAL ACTION TOGETHER LEGISLATIVE EDUCATION CMT.","d2cd4ef5-2b6a-4b3d-a91b-fdc7740a8bea","2026-08-28","manual_review"
"IUPAT POLITICAL ACTION TOGETHER LEGISLATIVE EDUCATION COMMITTEE","d2cd4ef5-2b6a-4b3d-a91b-fdc7740a8bea","2026-08-28","manual_review"
"IUPAT POLITICAL ACTION TOGTHER LEGISLATIVE EDUCATION COMMITTEE","d2cd4ef5-2b6a-4b3d-a91b-fdc7740a8bea","2026-08-28","manual_review"
"PAINTERS AND ALLIED TRADES DISTRICT COUNCIL NO. 36 POLITICAL ACTION COMMITTEE","afa104e8-f861-4715-935c-698d47688271","2026-08-28","manual_review"
"INTERNATIONAL UNION OF PAINTERS AND ALLIED TRADES DISTRICT COUNCIL 16","fe70e770-540f-4e39-84eb-b2d89b63bded","2026-08-28","manual_review"
"LOS ANGELES / ORANGE COUNTIES BUILDING & CONSTRUCTION TRADES COUNCIL","1088191d-9747-4271-a152-9cd10335abda","2026-08-28","manual_review"
"LOS ANGELES COUNTY BUILDING AND CONSTRUCTION TRADES COUNCIL","1088191d-9747-4271-a152-9cd10335abda","2026-08-28","manual_review"
"LOS ANGELES COUNTY BUILDING AND CONSTRUCTION TRADES COUNCIL - POLITICAL ACTION COMMITTEE","1088191d-9747-4271-a152-9cd10335abda","2026-08-28","manual_review"
"LOS ANGELES COUNTY BUILDING AND CONSTRUCTION TRADES COUNCIL PAC SMALL CONTRIBUTOR COMMITTEE","1088191d-9747-4271-a152-9cd10335abda","2026-08-28","manual_review"
"LOS ANGELES/ORANGE COUNTIES BUILDING AND CONSTRUCTION TRADES COUNCIL PAC","1088191d-9747-4271-a152-9cd10335abda","2026-08-28","manual_review"
"NORTH BAY BUILDING & CONSTRUCTION TRADES COUNCIL LET'S BUILD RESPONSIBLY","904d8a9b-37a9-44e3-92f7-702e6cf2a5c3","2026-08-28","manual_review"
"SAN JOAQUIN COUNTY BUILDING AND CONSTRUCTION TRADES COUNCIL","08e97f98-8d84-4ff4-8119-7a417c312a4a","2026-08-28","manual_review"
"SANTA CLARA & SAN BENITO COUNTIES BUILDING & CONSTRUCTION TRADES COUNCIL PAC","56596daa-a76f-4ea9-ba2e-d23f5470f00a","2026-08-28","manual_review"
"STATE BUILDING & CONSTRUCTION TRADES COUNCIL OF CA PAC","25e04715-a97a-49f7-9671-bd00a7fe25bb","2026-08-28","manual_review"
"STATE BUILDING & CONSTRUCTION TRADES COUNCIL OF CALIFORNIA","25e04715-a97a-49f7-9671-bd00a7fe25bb","2026-08-28","manual_review"
"STATE BUILDING & CONSTRUCTION TRADES COUNCIL OF CALIFORNIA PAC","25e04715-a97a-49f7-9671-bd00a7fe25bb","2026-08-28","manual_review"
"STATE BUILDING & CONSTRUCTION TRADES COUNCIL OF CALIFORNIA PAC SMALL CONTRIBUTOR COMMITTEE","25e04715-a97a-49f7-9671-bd00a7fe25bb","2026-08-28","manual_review"
"STATE BUILDING AND CONSTRUCTION TRADES COUNCIL OF CALIFORNIA PAC","25e04715-a97a-49f7-9671-bd00a7fe25bb","2026-08-28","manual_review"
"STATE BUILDING AND CONSTRUCTION TRADES COUNCIL OF CALIFORNIA PAC  SMALL CONTRIBUTOR COMMITTEE","25e04715-a97a-49f7-9671-bd00a7fe25bb","2026-08-28","manual_review"
"STATE BUILDING AND CONSTRUCTION TRADES COUNCIL OF CALIFORNIA PAC - SMALL CONTRIBUTOR COMMITTEE","25e04715-a97a-49f7-9671-bd00a7fe25bb","2026-08-28","manual_review"
"STATE BUILDING AND CONSTRUCTION TRADES COUNCIL OF CALIFORNIA PAC SMALL CONTRIBUTOR COMMITTEE","25e04715-a97a-49f7-9671-bd00a7fe25bb","2026-08-28","manual_review"
"STATE BUILDING AND CONSTRUCTION TRADES COUNCIL OF CALIFORNIA","25e04715-a97a-49f7-9671-bd00a7fe25bb","2026-08-28","manual_review"
"STATE BUILDING AND CONSTRUCTION TRADES COUNCIL OF CA PAC","25e04715-a97a-49f7-9671-bd00a7fe25bb","2026-08-28","manual_review"
"STATE BUILDING AND CONSTRUCTION TRADES COUNCIL OF CALIFORNIA PAC, SMALL CONTRIBUTOR COMMITTEE","25e04715-a97a-49f7-9671-bd00a7fe25bb","2026-08-28","manual_review"
"STATE BUILDING AND CONSTRUCTION TRADES COUNCIL OF CA IE PAC","25e04715-a97a-49f7-9671-bd00a7fe25bb","2026-08-28","manual_review"
"STATE BUILDING AND CONSTRUCTION TRADES COUNCIL OF CALIFORNIA INDEPENDENT EXPENDITURE PAC","25e04715-a97a-49f7-9671-bd00a7fe25bb","2026-08-28","manual_review"
"CA STATE COUNCIL OF SERVICE EMPLOYEES","a531dcca-e8e5-4ff2-a8a3-d449e2f1eb74","2026-08-28","manual_review"
"CA STATE COUNCIL OF SERVICE EMPLOYEES PAC","a531dcca-e8e5-4ff2-a8a3-d449e2f1eb74","2026-08-28","manual_review"
"CALIFORNIA STATE COUNCIL OF SERVICE EMPLOYEES","a531dcca-e8e5-4ff2-a8a3-d449e2f1eb74","2026-08-28","manual_review"
"SEIU CALIFORNIA STATE COUNCIL","a531dcca-e8e5-4ff2-a8a3-d449e2f1eb74","2026-08-28","manual_review"
"SEIU CALIFORNIA STATE COUNCIL OF SERVICE EMPLOYEES SMALL CONTRIBUTOR COMMITTEE","a6b23a19-bfa3-49f4-a697-1dcf0def47bf","2026-08-28","manual_review"
"SEIU CALIFORNIA STATE COUNCIL SMALL CONTRIBUTOR COMMITTEE","a531dcca-e8e5-4ff2-a8a3-d449e2f1eb74","2026-08-28","manual_review"
"CALIFORNIA STATE COUNCIL OF SERVICE EMPLOYEES ISSUE ADVOCACY","a531dcca-e8e5-4ff2-a8a3-d449e2f1eb74","2026-08-28","manual_review"
"SEIU LOCAL 2015","7cf0c6da-179c-44ba-9816-840db4f1ff48","2026-08-28","manual_review"
"SEIU LOCAL 2015 STATE PAC SMALL CONTRIBUTOR COMMITTEE","7cf0c6da-179c-44ba-9816-840db4f1ff48","2026-08-28","manual_review"
"SEIU LOCAL 2015 STATE PAC","7cf0c6da-179c-44ba-9816-840db4f1ff48","2026-08-28","manual_review"
"SERVICE EMPLOYEES INTERNATIONAL UNION SEIU LOCAL 2015 STATE PAC","7cf0c6da-179c-44ba-9816-840db4f1ff48","2026-08-28","manual_review"
"SEIU 121RN (INTERMEDIARY FOR UNITEMIZED MEMBER DUES)","30c02982-f5a1-4651-a38e-37ee984b1fd6","2026-08-28","manual_review"
"SEIU LOCAL 121RN PAC SMALL CONTRIBUTOR COMMITTEE","30c02982-f5a1-4651-a38e-37ee984b1fd6","2026-08-28","manual_review"
"SERVICE EMPLOYEES INTERNATIONAL UNION LOCAL 121 RN","30c02982-f5a1-4651-a38e-37ee984b1fd6","2026-08-28","manual_review"
"SERVICE EMPLOYEES INTERNATIONAL UNION LOCAL 121 RN PAC","30c02982-f5a1-4651-a38e-37ee984b1fd6","2026-08-28","manual_review"
"SERVICE EMPLOYEES INTERNATIONAL UNION LOCAL 121RN PAC","30c02982-f5a1-4651-a38e-37ee984b1fd6","2026-08-28","manual_review"
"SEIU COPE (SERVICE EMPLOYEES INTERNATIONAL UNION COMMITTEE ON POLITICAL EDUCATION) (FED PAC ID #C00004036)","a6b23a19-bfa3-49f4-a697-1dcf0def47bf","2026-08-28","manual_review"
"SEIU LOCAL 99 CANDIDATE PAC SMALL CONTRIBUTOR COMMITTEE","320d022d-d191-45c9-818e-eb02989564fb","2026-08-28","manual_review"
"SERVICE EMPLOYEES INTERNATIONAL UNION LOCAL 99 CANDIDATE PAC","320d022d-d191-45c9-818e-eb02989564fb","2026-08-28","manual_review"
"SERVICE EMPLOYEES INTERNATIONAL UNION LOCAL 99","320d022d-d191-45c9-818e-eb02989564fb","2026-08-28","manual_review"
"SEIU UNITED HEALTHCARE WORKERS WEST PAC","b5951f83-1f30-46b9-9257-e3919ea69ffa","2026-08-28","manual_review"
"SEIU UNITED HEALTHCARE WORKERS WEST PAC SMALL CONTRIBUTOR COMMITTEE","b5951f83-1f30-46b9-9257-e3919ea69ffa","2026-08-28","manual_review"
"SEIU UNITED HEALTHCARE WORKERS WEST POLITICAL ACTION COMMITTEE","b5951f83-1f30-46b9-9257-e3919ea69ffa","2026-08-28","manual_review"
"SERVICE EMPLOYEES INTERNATIONAL UNION COMMITTEE OF INTERNS AND RESIDENT PHYSICIAN PAC","35077ce2-4550-43d1-95a0-fd48e64cf85f","2026-08-28","manual_review"
"SERVICE EMPLOYEES INTERNATIONAL UNION LOCAL 1000","f100c1ca-ebef-4413-97f6-fbad36f0301d","2026-08-28","manual_review"
"SERVICE EMPLOYEES INTERNATIONAL UNION LOCAL 1000","f100c1ca-ebef-4413-97f6-fbad36f0301d","2026-08-28","manual_review"
"SERVICE EMPLOYEES INTERNATIONAL UNION LOCAL 1000 CANDIDATE PAC","f100c1ca-ebef-4413-97f6-fbad36f0301d","2026-08-28","manual_review"
"SERVICE EMPLOYEES INTERNATIONAL UNION LOCAL 1000 CANDIDATE PAC SMALL CONTRIBUTOR COMMITTEE","f100c1ca-ebef-4413-97f6-fbad36f0301d","2026-08-28","manual_review"
"SERVICE EMPLOYEES INTERNATIONAL UNION LOCAL 1021","f7636b51-da70-44bd-86eb-e0f86a8e6b85","2026-08-28","manual_review"
"SERVICE EMPLOYEES INTERNATIONAL UNION LOCAL 1021","f7636b51-da70-44bd-86eb-e0f86a8e6b85","2026-08-28","manual_review"
"SERVICE EMPLOYEES INTERNATIONAL UNION LOCAL 1021 CANDIDATE PAC","f7636b51-da70-44bd-86eb-e0f86a8e6b85","2026-08-28","manual_review"
"SERVICE EMPLOYEES INTERNATIONAL UNION LOCAL 1021 CANDIDATE PAC SMALL CONTRIBUTOR COMMITTEE","f7636b51-da70-44bd-86eb-e0f86a8e6b85","2026-08-28","manual_review"
"SERVICE EMPLOYEES INTERNATIONAL UNION LOCAL 1021 CANDIDATE PAC-SMALL CONTRIBUTOR COMMITTEE","f7636b51-da70-44bd-86eb-e0f86a8e6b85","2026-08-28","manual_review"
"SERVICE EMPLOYEES INTERNATIONAL UNION LOCAL NO.1021 CANDIDATE PAC","f7636b51-da70-44bd-86eb-e0f86a8e6b85","2026-08-28","manual_review"
"SERVICE EMPLOYEES INTERNATIONAL UNION LOCAL 521 CANDIDATE PAC","29b0dd81-a615-44f1-b513-780f1a61a280","2026-08-28","manual_review"
"SERVICE EMPLOYEES INTERNATIONAL UNION LOCAL 721 CTW, CLC STATE & LOCAL","ebd8e7ad-a20f-45d4-869a-2e79c5268150","2026-08-28","manual_review"
"SERVICE EMPLOYEES INTERNATIONAL UNION LOCAL 721, CTW, CLC STATE & LOCAL","ebd8e7ad-a20f-45d4-869a-2e79c5268150","2026-08-28","manual_review"
"PLUMBERS & PIPEFITTERS LOCAL UNION 442 PAC","9c05dd5e-2da1-4af0-b48b-55c7e515c150","2026-08-28","manual_review"
"PLUMBERS & STEAMFITTERS LOCAL UNION 442 PAC","9c05dd5e-2da1-4af0-b48b-55c7e515c150","2026-08-28","manual_review"
"PLUMBERS AND PIPEFITTERS LOCAL 442 PAC","9c05dd5e-2da1-4af0-b48b-55c7e515c150","2026-08-28","manual_review"
"PLUMBERS AND PIPEFITTERS LOCAL 364","e755c17d-2f28-4073-bb84-6f438607e9f0","2026-08-28","manual_review"
"PLUMBERS AND STEAMFITTERS LOCAL 460 PAC","d37967e8-9db1-4f1b-9ac7-762667fd5d22","2026-08-28","manual_review"
"PLUMBERS AND STEAMFITTERS LOCAL NO. 467 STATE POLITICAL ACTION FUND","f86ea8a0-74a6-4a9e-979a-acc03ce785c2","2026-08-28","manual_review"
"PLUMBERS AND STEAMFITTERS UNION LOCAL NO. 467 STATE POLITICAL ACTION FUND","f86ea8a0-74a6-4a9e-979a-acc03ce785c2","2026-08-28","manual_review"
"PLUMBERS AND STEAMFITTERS LOCAL UNION 403 STATE & LOCAL POLITICAL ACTION FUND","12f00fc7-be2d-4c14-8f57-5bb611a1a820","2026-08-28","manual_review"
"PLUMBERS AND STEAMFITTERS LOCAL UNION NO. 582 POLITICAL ACTION COMMITTEE","b2cb292e-a8c8-4c90-b621-c7ca985ab47b","2026-08-28","manual_review"
"PLUMBERS AND STEAMFITTERS LOCAL UNION NO. 761 POLITICAL ACTION COMMITTEE","a6597290-3bd4-4ced-bf3f-342ab008791c","2026-08-28","manual_review"
"PLUMBERS LOCAL NO. 78 POLITICAL ACTION COMMITTEE","5643ca6f-4e65-453f-9c62-937d6d107211","2026-08-28","manual_review"
"PLUMBERS LOCAL UNION NO. 78","5643ca6f-4e65-453f-9c62-937d6d107211","2026-08-28","manual_review"
"PLUMBERS, STEAMFITTERS & REFRIGERATION FITTERS LOCAL 393 POLITICAL ACTION FUND","7b9a6079-8119-4a7b-9818-f201aa2a6f34","2026-08-28","manual_review"
"PLUMBERS, STEAMFITTERS & REFRIGERATION FITTERS LOCAL 393 POLITICAL ACTION FUND SMALL CONTRIBUTOR COMMITTEE","7b9a6079-8119-4a7b-9818-f201aa2a6f34","2026-08-28","manual_review"
"SPRINKLER FITTERS LOCAL #709 (INTERMEDIARY FOR UNITEMIZED UNION MEMBER CONTRIBUTIONS)","c7d353f6-aff8-451e-99c3-20b9a4537334","2026-08-28","manual_review"
"UNITED ASSOCIATION LOCAL UNION 345","541b67b3-62f3-4c50-8c05-64326fe0520c","2026-08-28","manual_review"
"AFSCME COUNCIL 57 (INTERMEDIARY FOR UNITEMIZED UNION MEMBER CONTRIBUTIONS)","cdc08a40-486e-4bed-afdc-aebac8595217","2026-08-28","manual_review"
"AMERICAN FEDERATION OF STATE COUNTY COUNTY & MUNICIPAL EMPLOYEES-COUNCIL 57 PAC","cdc08a40-486e-4bed-afdc-aebac8595217","2026-08-28","manual_review"
"AMERICAN FEDERATION OF STATE, COUNTY & MUNICIPAL EMPLOYEES COUNCIL 57 PAC","cdc08a40-486e-4bed-afdc-aebac8595217","2026-08-28","manual_review"
"AMERICAN FEDERATION OF STATE, COUNTY & MUNICIPAL EMPLOYEES-COUNCIL 57 PAC","cdc08a40-486e-4bed-afdc-aebac8595217","2026-08-28","manual_review"
"AMERICAN FEDERATION OF STATE, COUNTY, MUNICIPAL EMPLOYEES-COUNCIL 57 PAC","cdc08a40-486e-4bed-afdc-aebac8595217","2026-08-28","manual_review"
"AFSCME LOCAL 101 (INTERMEDIARY FOR UNITEMIZED MEMBER DUES)","7e5855b7-7473-4f67-b103-03558a8a6e0b","2026-08-28","manual_review"
"AFSCME LOCAL 146 (INTERMEDIARY FOR UNITEMIZED MEMBER DUES)","7df5870e-5ba8-42eb-b395-88aa41bb1e80","2026-08-28","manual_review"
"AFSCME LOCAL 1684 (INTERMEDIARY FOR UNITEMIZED MEMBER DUES)","91195e47-c1a6-4a42-9523-51e9f6593dcf","2026-08-28","manual_review"
"AFSCME LOCAL 2019 (INTERMEDIARY FOR UNITEMIZED MEMBER DUES)","6cecb3cc-c7bb-4a20-b196-a4c8e3a6e57c","2026-08-28","manual_review"
"AFSCME LOCAL 2428 (INTERMEDIARY FOR UNITEMIZED MEMBER DUES)","f8efd971-b641-48a7-9ea0-f8a28a8cffcc","2026-08-28","manual_review"
"AFSCME LOCAL 2620","bf65f7e1-324f-4673-88f1-2d74377dea16","2026-08-28","manual_review"
"AFSCME LOCAL 2620 (INTERMEDIARY FOR UNITEMIZED MEMBER DUES)","bf65f7e1-324f-4673-88f1-2d74377dea16","2026-08-28","manual_review"
"AMERICAN FEDERATION OF STATE, COUNTY AND MUNICIPAL EMPLOYEES, LOCAL 2620 POLITICAL ACTION COMMITTEE","bf65f7e1-324f-4673-88f1-2d74377dea16","2026-08-28","manual_review"
"AFSCME LOCAL 2700 (INTERMEDIARY FOR UNITEMIZED MEMBER DUES)","f3734152-b1f3-4268-9c7f-a584747fd134","2026-08-28","manual_review"
"AFSCME LOCAL 2703 (INTERMEDIARY FOR UNITEMIZED MEMBER DUES)","54b73a88-7fc4-4a34-b35f-2644d6d21401","2026-08-28","manual_review"
"AFSCME LOCAL 3299 (INTERMEDIARY FOR UNITEMIZED UNION MEMBER CONTRIBUTIONS)","564570cb-4b5f-4155-8cb7-7650ad6c7739","2026-08-28","manual_review"
"AFSCME LOCAL 3993 (INTERMEDIARY FOR UNITEMIZED MEMBER DUES)","4a7cd255-a67d-4e96-a983-96b76504249e","2026-08-28","manual_review"
"AFSCME LOCAL 444 (INTERMEDIARY FOR UNITEMIZED MEMBER DUES)","a4148de8-6025-441e-898a-8830ba126d98","2026-08-28","manual_review"
"AFSCME LOCAL 512 (INTERMEDIARY FOR UNITEMIZED MEMBER DUES)","e632c8b6-7f50-4b97-86cb-ae66362e1215","2026-08-28","manual_review"
"AFSCME LOCAL 829 (INTERMEDIARY FOR UNITEMIZED MEMBER DUES)","0661a263-88b0-406a-9400-7c009c0a14a1","2026-08-28","manual_review"
"AMERICAN FEDERATION OF STATE, COUNTY & MUNICIPAL EMPLOYEES - CA PEOPLE (AFSCME CA PEOPLE) SMALL CONTRIBUTOR COMMITTEE","d72959e0-d052-4363-acef-020e0b991540","2026-08-28","manual_review"
"AMERICAN FEDERATION OF STATE, COUNTY & MUNICIPAL EMPLOYEES - CA PEOPLE SMALL CONTRIBUTOR COMMITTEE","d72959e0-d052-4363-acef-020e0b991540","2026-08-28","manual_review"
"AMERICAN FEDERATION OF STATE, COUNTY, & MUNICIPAL EMPLOYEES - CA PEOPLE (AFSCME CA PEOPLE) SMALL CONTRIBUTOR COMMITTEE","d72959e0-d052-4363-acef-020e0b991540","2026-08-28","manual_review"
"AMERICAN FEDERATION OF STATE, COUNTY & MUNICIPAL EMPLOYEES LOCAL NO. 685 POLITICAL ACTION COMMITTEE","1fd3cb0b-6ec6-4edc-8037-978f1c217ce5","2026-08-28","manual_review"
"LA COUNTY PROBATION OFFICERS UNION AFSCME LOCAL NO. 685 PAC SMALL CONTRIBUTOR COMMITTEE","1fd3cb0b-6ec6-4edc-8037-978f1c217ce5","2026-08-28","manual_review"
"LA COUNTY PROBATION OFFICERS UNION AFSCME, LOCAL NO. 685 PAC SMALL CONTRIBUTOR COMMITTEE","1fd3cb0b-6ec6-4edc-8037-978f1c217ce5","2026-08-28","manual_review"
"UNITED EMS WORKERS AFSCME LOCAL 4911 (INTERMEDIARY FOR UNITEMIZED MEMBER DUES)","0fd36fce-03e4-4e74-bf32-a6306e1c28da","2026-08-28","manual_review"
"CA NEW CAR DEALERS ASSOCIATION PAC","6f8a856f-9308-49eb-b561-61a0e276a3a3","2026-08-28","manual_review"
"CALIFORNIA NEW CAR DEALERS ASSOC. PAC","6f8a856f-9308-49eb-b561-61a0e276a3a3","2026-08-28","manual_review"
"CALIFORNIA NEW CAR DEALERS ASSOCIATION","6f8a856f-9308-49eb-b561-61a0e276a3a3","2026-08-28","manual_review"
"CALIFORNIA NEW CAR DEALERS ASSOCIATION PAC","6f8a856f-9308-49eb-b561-61a0e276a3a3","2026-08-28","manual_review"
"CALIFORNIA NEW CAR DEALERS ASSOCIATION PAC","6f8a856f-9308-49eb-b561-61a0e276a3a3","2026-08-28","manual_review"
"ASSOCIATION OF CALIFORNIA LIFE & HEALTH INSURANCE COMPANIES","f85ef115-079f-4762-a667-998376eb6194","2026-08-28","manual_review"
"ASSOCIATION OF CALIFORNIA LIFE & HEALTH INSURANCE COMPANIES (ACLHIC) PAC","f85ef115-079f-4762-a667-998376eb6194","2026-08-28","manual_review"
"ASSOCIATION OF CALIFORNIA LIFE & HEALTH INSURANCE COMPANIES PAC","f85ef115-079f-4762-a667-998376eb6194","2026-08-28","manual_review"
"ASSOCIATION OF CALIFORNIA LIFE & HEALTH INSURANCE COMPANIES PAC (ACLHIC PAC)","f85ef115-079f-4762-a667-998376eb6194","2026-08-28","manual_review"
"DISABILITY PAC, SPONSORED BY ASSOCIATION OF CALIFORNIA LIFE & HEALTH INSURANCE COMPANIES","952dcaa5-bfd0-4aef-a357-d1a42df08cc2","2026-08-28","manual_review"
"DISABILITY POLITICAL ACTION COMMITTEE SPONSORED BY ASSOCIATION FOR CALIFORNIA LIFE & HEALTH INSURANCE COMPANIES","952dcaa5-bfd0-4aef-a357-d1a42df08cc2","2026-08-28","manual_review"
"DISABILITY POLITICAL ACTION COMMITTEE, SPONSORED BY ASSOCIATION OF CALIFORNIA LIFE & HEALTH INSURANCE COMPANIES","952dcaa5-bfd0-4aef-a357-d1a42df08cc2","2026-08-28","manual_review"
"CA CORRECTIONAL PEACE OFFICERS ASSN PAC","87ec774e-605e-4528-83d6-60921b8b41c0","2026-08-28","manual_review"
"CA CORRECTIONAL PEACE OFFICERS ASSOCIATION PAC","87ec774e-605e-4528-83d6-60921b8b41c0","2026-08-28","manual_review"
"CALIFORNIA CORRECTIONAL PEACE OFFICERS  ASSOCIATION PAC","87ec774e-605e-4528-83d6-60921b8b41c0","2026-08-28","manual_review"
"CALIFORNIA CORRECTIONAL PEACE OFFICERS ASSOC PAC","87ec774e-605e-4528-83d6-60921b8b41c0","2026-08-28","manual_review"
"CALIFORNIA CORRECTIONAL PEACE OFFICERS ASSOCIATION (CCPOA) POLITICAL ACTION COMMITTEE","87ec774e-605e-4528-83d6-60921b8b41c0","2026-08-28","manual_review"
"CALIFORNIA CORRECTIONAL PEACE OFFICERS ASSOCIATION PAC","87ec774e-605e-4528-83d6-60921b8b41c0","2026-08-28","manual_review"
"CALIFORNIA CORRECTIONAL PEACE OFFICERS ASSOCIATION POLITICAL ACTION COMMITTEE","87ec774e-605e-4528-83d6-60921b8b41c0","2026-08-28","manual_review"
"CALIFORNIA CORRECTIONAL PEACE OFFICERS ASSOCIATION (INTERMEDIARY FOR MEMBERS UNDER $100)","87ec774e-605e-4528-83d6-60921b8b41c0","2026-08-28","manual_review"
"CALIFORNIA CORRECTIONAL PEACE OFFICERS ASSOCIATION (CCPOA) LOCAL POLITICAL ACTION COMMITTEE","87ec774e-605e-4528-83d6-60921b8b41c0","2026-08-28","manual_review"
"CALIFORNIA CORRECTIONAL PEACE OFFICERS ASSOCIATION LOCAL PAC","87ec774e-605e-4528-83d6-60921b8b41c0","2026-08-28","manual_review"
"VERIZON COMMUNICATIONS INC. & IT'S AFFILIATES","ba347816-9ee3-4afc-ac68-f153e48456cd","2026-08-28","manual_review"
"VERIZON COMMUNICATIONS INC. AND ITS AFFILIATES","ba347816-9ee3-4afc-ac68-f153e48456cd","2026-08-28","manual_review"
"VERIZON COMMUNICATIONS INC. AND ITS AFFILIATES","ba347816-9ee3-4afc-ac68-f153e48456cd","2026-08-28","manual_review"
"VERIZON COMMUNICATIONS, INC.","ba347816-9ee3-4afc-ac68-f153e48456cd","2026-08-28","manual_review"
"VERIZON COMMUNICATIONS, INC. GOOD GOVERNMENT CLUB-CALIFORNIA","ba347816-9ee3-4afc-ac68-f153e48456cd","2026-08-28","manual_review"
"SEMPRA","d079c4a3-869d-479e-8088-9748f35874f2","2026-08-28","manual_review"
"SEMPRA ENERGY","d079c4a3-869d-479e-8088-9748f35874f2","2026-08-28","manual_review"
"SEMPRA ENERGY","d079c4a3-869d-479e-8088-9748f35874f2","2026-08-28","manual_review"
"SEMPRA ENERGY EMPLOYEES POLITICAL ACTION COMMITTEE - STATE COMMITTEE","d079c4a3-869d-479e-8088-9748f35874f2","2026-08-28","manual_review"
"SEMPRA ENERGY EMPLOYEES STATE PAC","d079c4a3-869d-479e-8088-9748f35874f2","2026-08-28","manual_review"
"SEMPRA 'FORMERLY SEMPRA ENERGY'","d079c4a3-869d-479e-8088-9748f35874f2","2026-08-28","manual_review"
"SEMPRA FORMERLY SEMPRA ENERGY","d079c4a3-869d-479e-8088-9748f35874f2","2026-08-28","manual_review"
"CHULA VISTA FIREFIGHTERS LOCAL 2180 PAC","a768227a-7cb9-4b29-a4d0-6cd095ad2b65","2026-08-28","manual_review"
"KERN COUNTY FIRE FIGHTERS UNION LOCAL 1301 POLITICAL ACTION COMMITTEE","882a5560-a397-4aa4-812e-18efb21a917a","2026-08-28","manual_review"
"LOS ANGELES COUNTY FIREFIGHTERS LOCAL 1014","aaa8ad3a-4695-41ec-b36d-bb7976638023","2026-08-28","manual_review"
"LOS ANGELES COUNTY FIREFIGHTERS LOCAL 1014 LEGISLATIVE FUND COMMITTEE","aaa8ad3a-4695-41ec-b36d-bb7976638023","2026-08-28","manual_review"
"LOS ANGELES COUNTY FIREFIGHTERS LOCAL 1014 LEGISLATIVE FUND COMMITTEE SMALL CONTRIBUTOR COMMITTEE","aaa8ad3a-4695-41ec-b36d-bb7976638023","2026-08-28","manual_review"
"SACRAMENTO AREA FIRE FIGHTERS LOCAL 522 PAC","c807cdc4-632c-4888-803e-af14eca0b2ca","2026-08-28","manual_review"
"SACRAMENTO AREA FIRE FIGHTERS LOCAL 522 POLITICAL ACTION COMMITTEE","c807cdc4-632c-4888-803e-af14eca0b2ca","2026-08-28","manual_review"
"CALIFORNIA FACULTY ASSOCIATION","07647947-b33d-4c9f-85fc-aac839d2201a","2026-08-28","manual_review"
"CALIFORNIA FACULTY ASSOCIATION POLITICAL ISSUES COMMITTEE","07647947-b33d-4c9f-85fc-aac839d2201a","2026-08-28","manual_review"
"FACULTY FOR OUR UNIVERSITY'S FUTURE","4a599149-1397-4e75-9d59-a7db1c42c748","2026-08-28","manual_review"
"FACULTY FOR OUR UNIVERSITY'S FUTURE, A COMMITTEE SPONSORED BY THE CA FACULTY ASSOCIATION","4a599149-1397-4e75-9d59-a7db1c42c748","2026-08-28","manual_review"
"FACULTY FOR OUR UNIVERSITY'S FUTURE, A COMMITTEE SPONSORED BY THE CALIFORNIA FACULTY ASSOCIATION","4a599149-1397-4e75-9d59-a7db1c42c748","2026-08-28","manual_review"
"FACULTY FOR OUR UNIVERSITY'S FUTURE, A COMMITTEE SPONSORED BY THE CALIFORNIA FACULTY ASSOCIATION SMALL CONTRIBUTOR COMMITTEE","4a599149-1397-4e75-9d59-a7db1c42c748","2026-08-28","manual_review"
"FACULTY FOR OUR UNIVERSITY'S FUTURE, LOCAL COMMITTEE SPONSORED BY THE CALIFORNIA FACULTY ASSOCIATION","4a599149-1397-4e75-9d59-a7db1c42c748","2026-08-28","manual_review"
"LABORERS LOCAL #1184 (INTERMEDIARY FOR UNITEMIZED UNION MEMBER CONTRIBUTIONS)","f8c28247-7e34-4ecf-821b-5445c9bec7a5","2026-08-28","manual_review"
"LABORERS LOCAL #585 (INTERMEDIARY FOR UNITEMIZED UNION MEMBER CONTRIBUTIONS)","683f7d75-8504-4e72-904f-93208e9e75d0","2026-08-28","manual_review"
"LABORERS LOCAL #345 - GUNITE (INTERMEDIARY FOR UNITEMIZED UNION MEMBER CONTRIBUTIONS)","8520e733-66c1-4d49-80f7-31e1ee300f48","2026-08-28","manual_review"
"LABORERS LOCAL #89 (INTERMEDIARY FOR UNITEMIZED UNION MEMBER CONTRIBUTIONS)","afd4c1fc-7914-4027-be63-1c0d91530150","2026-08-28","manual_review"
"LABORER'S INTERNATIONAL UNION OF NORTH AMERICA LOCAL 89 POLITICAL ACTION FUND","afd4c1fc-7914-4027-be63-1c0d91530150","2026-08-28","manual_review"
"LABORERS INTERNATIONAL UNION OF NORTH AMERICA LOCAL 89","afd4c1fc-7914-4027-be63-1c0d91530150","2026-08-28","manual_review"
"LABORERS INTERNATIONAL UNION OF NORTH AMERICA LOCAL 1309 PAC","6187c78a-16ed-4d3f-a37b-35f40c2127d1","2026-08-28","manual_review"
"LABORERS' INTERNATIONAL UNION OF NORTH AMERICA LOCAL 1309","6187c78a-16ed-4d3f-a37b-35f40c2127d1","2026-08-28","manual_review"
"LABORERS' INTERNATIONAL UNION OF NORTH AMERICA LOCAL 1309 PAC","6187c78a-16ed-4d3f-a37b-35f40c2127d1","2026-08-28","manual_review"
"LABORERS LOCAL #1309 (INTERMEDIARY FOR UNITEMIZED UNION MEMBER CONTRIBUTIONS)","6187c78a-16ed-4d3f-a37b-35f40c2127d1","2026-08-28","manual_review"
"LABORERS LOCAL 185 PAC","e773af63-fd69-4883-9af9-0da50f65ca91","2026-08-28","manual_review"
"LABORERS LOCAL 220 PAC","54e28465-f6d9-4c9b-a638-57859d82175f","2026-08-28","manual_review"
"LABORERS LOCAL #220 (INTERMEDIARY FOR UNITEMIZED UNION MEMBER CONTRIBUTIONS)","54e28465-f6d9-4c9b-a638-57859d82175f","2026-08-28","manual_review"
"LABORERS LOCAL 652 PAC","0ab1f59b-7a29-44e7-9157-e466c03a7230","2026-08-28","manual_review"
"LABORERS' INTERNATIONAL UNION LOCAL 652","0ab1f59b-7a29-44e7-9157-e466c03a7230","2026-08-28","manual_review"
"LABORERS LOCAL #652 (INTERMEDIARY FOR UNITEMIZED UNION MEMBER CONTRIBUTIONS)","0ab1f59b-7a29-44e7-9157-e466c03a7230","2026-08-28","manual_review"
"LABORERS LOCAL UNION 270 PAC SMALL CONTRIBUTOR COMMITTEE","49d58ccd-72db-4962-837f-4d01c19db54f","2026-08-28","manual_review"
"LABORERS LOCAL UNION NO. 783-PAC","b17dd2a0-9e2d-41a4-824d-87103f47fe3a","2026-08-28","manual_review"
"LABORERS' INTERNATIONAL UNION OF NORTH AMERICA","bc1f79e2-46a8-4a0a-abf0-0999c0f97dc4","2026-08-28","manual_review"
"LABORERS LOCAL 300 SMALL CONTRIBUTOR COMMITTEE","a014938b-e708-4679-ba12-b259b2387b23","2026-08-28","manual_review"
"LABORERS' LOCAL 300","a014938b-e708-4679-ba12-b259b2387b23","2026-08-28","manual_review"
"LABORERS' LOCAL 300 SMALL CONTRIBUTOR COMMITTEE","a014938b-e708-4679-ba12-b259b2387b23","2026-08-28","manual_review"
"LABORERS LOCAL #300 (INTERMEDIARY FOR UNITEMIZED UNION MEMBER CONTRIBUTIONS)","a014938b-e708-4679-ba12-b259b2387b23","2026-08-28","manual_review"
"AT&T INC & ITS AFFILIATES","d133eb39-e83a-4a43-86ed-26b4527c99fb","2026-08-28","manual_review"
"AT&T INC. AND ITS AFFILIATES","d133eb39-e83a-4a43-86ed-26b4527c99fb","2026-08-28","manual_review"
"AT&T SERVICES INC. AND ITS AFFILIATES","d133eb39-e83a-4a43-86ed-26b4527c99fb","2026-08-28","manual_review"
"AT&T AND AFFILIATED ENTITIES","d133eb39-e83a-4a43-86ed-26b4527c99fb","2026-08-28","manual_review"
"AT&T SERVICES INC & ITS AFFILIATES","d133eb39-e83a-4a43-86ed-26b4527c99fb","2026-08-28","manual_review"
"AT&T SERVICES INC. AND ITS AFFILIATES","d133eb39-e83a-4a43-86ed-26b4527c99fb","2026-08-28","manual_review"
"AT&T SERVICES, INC. & ITS AFFILIATES","d133eb39-e83a-4a43-86ed-26b4527c99fb","2026-08-28","manual_review"
"AT&T SERVICES, INC. AND ITS AFFILIATES","d133eb39-e83a-4a43-86ed-26b4527c99fb","2026-08-28","manual_review"
"AT&T CALIFORNIA EMPLOYEE PAC","d133eb39-e83a-4a43-86ed-26b4527c99fb","2026-08-28","manual_review"
"AT&T CALIFORNIA EMPLOYEE POLITICAL ACTION COMMITTEE","d133eb39-e83a-4a43-86ed-26b4527c99fb","2026-08-28","manual_review"
"WESTERN MANUFACTURED HOUSING COMMUNITIES ASSN. PAC","2848b36d-4780-4918-86f7-93531c6d9145","2026-08-28","manual_review"
"WESTERN MANUFACTURED HOUSING COMMUNITIES ASSOCIATION PAC","2848b36d-4780-4918-86f7-93531c6d9145","2026-08-28","manual_review"
"WESTERN MANUFACTURED HOUSING COMMUNITIES ASSOCIATION PAC (WMA PAC)","2848b36d-4780-4918-86f7-93531c6d9145","2026-08-28","manual_review"
"WESTERN MANUFACTURED HOUSING COMMUNITIES PAC SPONSOR: WESTERN MANUFACTURED HOUSING COMMUNITIES ASSOCIATION","2848b36d-4780-4918-86f7-93531c6d9145","2026-08-28","manual_review"
"UNITED ASSOCATION NO.159 CONSUMER PROTECTION FUND","d3f20fd0-37bc-4989-988b-55fb0d960916","2026-08-28","manual_review"
"UNITED ASSOCIATION NO. 159 CONSUMER PROTECTION FUND SPONSORED BY PLUMBERS & STEAMFITTERS LOCAL 159","d3f20fd0-37bc-4989-988b-55fb0d960916","2026-08-28","manual_review"
"ASTRA ZENECA PHARMACEUTICALS LP","649b1040-402c-4284-aa00-72225e749f32","2026-08-28","manual_review"
"ASTRAZENECA PHARMACEUTICALS","649b1040-402c-4284-aa00-72225e749f32","2026-08-28","manual_review"
"ASTRAZENECA PHARMACEUTICALS LP, INCLUDING ITS SUBSIDIARY MEDIMMUNE","649b1040-402c-4284-aa00-72225e749f32","2026-08-28","manual_review"
"ASTRAZENECA PHARMACEUTICALS, LP INCLUDING IT'S SUBSIDIARY MEDIMMUNE","649b1040-402c-4284-aa00-72225e749f32","2026-08-28","manual_review"
"SOUTHERN CALIFORNIA CONTRACTORS ASSOCIATION PAC","4cf620c8-06b5-4b2d-813c-17a7a02b0f55","2026-08-28","manual_review"
"SOUTHERN CALIFORNIA CONTRACTORS ASSOCIATION POLITICAL ACTION COMMITTEE","4cf620c8-06b5-4b2d-813c-17a7a02b0f55","2026-08-28","manual_review"
"CALIFORNIA FINANCIAL SERVICES ASSN. PAC","8fc928ed-6c0b-4f55-a99a-1d70d3a63707","2026-08-28","manual_review"
"CALIFORNIA FINANCIAL SERVICES ASSOCIATION PAC","8fc928ed-6c0b-4f55-a99a-1d70d3a63707","2026-08-28","manual_review"
"CALIFORNIA FINANCIAL SERVICES ASSOCIATION POLITICAL ACTION COMMITTEE","8fc928ed-6c0b-4f55-a99a-1d70d3a63707","2026-08-28","manual_review"
"CALIFORNIA AMBULANCE ASSOCIATION PAC","cb806d43-dc0e-4511-8711-2ef34f99757e","2026-08-28","manual_review"
"CALIFORNIA AMBULANCE ASSOCIATION POLITICAL ACTION COMMITTEE","cb806d43-dc0e-4511-8711-2ef34f99757e","2026-08-28","manual_review"
"CA MORTGAGE BANKERS ASSOCIATION PAC","346b66bd-930e-4919-88f2-44dbbb0dca2f","2026-08-28","manual_review"
"CALIFORNIA MORTGAGE BANKERS ASSOC. POLITICAL ACTION PAC , SPONSORED BY:  CALIFORNIA MORTGAGE BANKERS ASSOCIATION","346b66bd-930e-4919-88f2-44dbbb0dca2f","2026-08-28","manual_review"
"CALIFORNIA MORTGAGE BANKERS ASSOC. POLITICAL ACTION PAC TWO, SPONSORED BY:  CALIFORNIA MORTGAGE BANKERS ASSOCIATION","346b66bd-930e-4919-88f2-44dbbb0dca2f","2026-08-28","manual_review"
"CALIFORNIA MORTGAGE BANKERS ASSOCIATION","346b66bd-930e-4919-88f2-44dbbb0dca2f","2026-08-28","manual_review"
"CALIFORNIA MORTGAGE BANKERS ASSOCIATION PAC","346b66bd-930e-4919-88f2-44dbbb0dca2f","2026-08-28","manual_review"
"CALIFORNIA MORTGAGE BANKERS ASSOCIATION PAC (CAMPAC)","346b66bd-930e-4919-88f2-44dbbb0dca2f","2026-08-28","manual_review"
"ASSOCIATED GENERAL CONTRACTORS PAC","79c6d841-ea96-490c-8f71-38486400c6f2","2026-08-28","manual_review"
"ASSOCIATED GENERAL CONTRACTORS PAC OF CA","79c6d841-ea96-490c-8f71-38486400c6f2","2026-08-28","manual_review"
"ASSOCIATED GENERAL CONTRACTORS POLITICAL ACTION COMMITTEE","79c6d841-ea96-490c-8f71-38486400c6f2","2026-08-28","manual_review"
"ASSOCIATED GENERAL CONTRACTORS POLITICAL ACTION COMMITTEE OF CA","79c6d841-ea96-490c-8f71-38486400c6f2","2026-08-28","manual_review"
"ASSOCIATED GENERAL CONTRACTORS POLITICAL ACTION COMMITTEE OF CALIFORNIA","79c6d841-ea96-490c-8f71-38486400c6f2","2026-08-28","manual_review"
"CALIFORNIA RICE INDUSTRY ASSN PAC","61a24978-65da-420a-8d4b-fcd1eba8923a","2026-08-28","manual_review"
"CALIFORNIA RICE INDUSTRY ASSOCIATION PAC","61a24978-65da-420a-8d4b-fcd1eba8923a","2026-08-28","manual_review"
"CALIFORNIA RICE INDUSTRY ASSOCIATION POLITICAL ACTION COMMITTEE","61a24978-65da-420a-8d4b-fcd1eba8923a","2026-08-28","manual_review"
"CALIFORNIA RICE INDUSTRY ASSOCIATION","61a24978-65da-420a-8d4b-fcd1eba8923a","2026-08-28","manual_review"
"CALIFORNIA RICE INDUSTRY ASSOCIATION (RESTRICTED USE ACCOUNT)","61a24978-65da-420a-8d4b-fcd1eba8923a","2026-08-28","manual_review"
"DOCTORS COMPANY PAC","4b8cb7ca-9477-4c4f-b2ee-a68ae7edd05f","2026-08-28","manual_review"
"DOCTORS COMPANY PAC, THE AKA DOCPAC","4b8cb7ca-9477-4c4f-b2ee-a68ae7edd05f","2026-08-28","manual_review"
"DOCTORS COMPANY POLITICAL ACTION COMMITTEE (DOCPAC)","4b8cb7ca-9477-4c4f-b2ee-a68ae7edd05f","2026-08-28","manual_review"
"DOCTORS COMPANY POLITICAL ACTION COMMITTEE AKA DOCPAC; THE","4b8cb7ca-9477-4c4f-b2ee-a68ae7edd05f","2026-08-28","manual_review"
"DOCTORS' COMPANY POLITICAL ACTION COMMITTEE, THE AKA 'DOCPAC'","4b8cb7ca-9477-4c4f-b2ee-a68ae7edd05f","2026-08-28","manual_review"
"THE DOCTORS COMPANY PAC AKA DOCPAC","16be16c3-5ee6-49a0-a8c7-a60b4a6a6301","2026-08-28","manual_review"
"THE DOCTORS COMPANY POLITICAL ACTION COMMITTEE AKA 'DOCPAC'","16be16c3-5ee6-49a0-a8c7-a60b4a6a6301","2026-08-28","manual_review"
"CALIFORNIA MEDICAL ASSOCIATION","3309a3a9-ea67-48cb-bb69-6221765da320","2026-08-28","manual_review"
"CALIFORNIA MEDICAL ASSOCIATION PAC","3309a3a9-ea67-48cb-bb69-6221765da320","2026-08-28","manual_review"
"CALPAC - CALIFORNIA MEDICAL ASSOCIATION PAC","3309a3a9-ea67-48cb-bb69-6221765da320","2026-08-28","manual_review"
"CALPAC CALIFORNIA MEDICAL ASSOCIATION PAC","3309a3a9-ea67-48cb-bb69-6221765da320","2026-08-28","manual_review"
"CALPAC- CALIFORNIA MEDICAL ASSOCIATION PAC","3309a3a9-ea67-48cb-bb69-6221765da320","2026-08-28","manual_review"
"CALPAC-CA MEDICAL ASSOCIATION PAC","3309a3a9-ea67-48cb-bb69-6221765da320","2026-08-28","manual_review"
"CALIFORNIA MEDICAL TRANSPORTATION ASSOCIATION","d677f371-de04-48f7-9ea9-af8cfc7064fe","2026-08-28","manual_review"
"OAKLAND POLICE OFFICER'S ASSOCIATION - POLITICAL ACTION COMMITTEE","ed25ee57-c4d9-4baa-a7e9-73f3aead5dba","2026-08-28","manual_review"
"OAKLAND POLICE OFFICERS ASSOCIATION PAC GENERAL FUND","ed25ee57-c4d9-4baa-a7e9-73f3aead5dba","2026-08-28","manual_review"
"LOCAL SOCIETIES OF THE CALIFORNIA OPTOMETRIC ASSOCIATION PAC","effd1800-ac07-4483-8362-f4211f320c44","2026-08-28","manual_review"
"LOCAL SOCIETIES OF THE CALIFORNIA OPTOMETRIC ASSOCIATION PAC (AKA LSCOA-PAC)","effd1800-ac07-4483-8362-f4211f320c44","2026-08-28","manual_review"
"CA DENTAL ASSOCIATION PAC","bc1008e9-95ce-4d04-92bc-5bb1ec9963d9","2026-08-28","manual_review"
"CA DENTAL ASSOCIATION PAC (CDA PAC)","bc1008e9-95ce-4d04-92bc-5bb1ec9963d9","2026-08-28","manual_review"
"CALIFORNIA DENTAL ASSOCIATION","bc1008e9-95ce-4d04-92bc-5bb1ec9963d9","2026-08-28","manual_review"
"CALIFORNIA DENTAL ASSOCIATION PAC","bc1008e9-95ce-4d04-92bc-5bb1ec9963d9","2026-08-28","manual_review"
"CALIFORNIA DENTAL ASSOCIATION PAC (CDA PAC)","bc1008e9-95ce-4d04-92bc-5bb1ec9963d9","2026-08-28","manual_review"
"CALIFORNIA DENTAL ASSOCIATION POLITICAL ACTION COMMITTEE (CDA PAC)","bc1008e9-95ce-4d04-92bc-5bb1ec9963d9","2026-08-28","manual_review"
"NAT'L ASSOC INDUSTRIAL & OFFICE PROPERTIES NAIOP SOCAL PAC","a446fb76-6f55-40fb-808d-4e8c17fe1bd8","2026-08-28","manual_review"
"NATIONAL ASSOCIATION INDUSTRIAL & OFFICE PROPERTIES SOCAL PAC (NAIOP)","a446fb76-6f55-40fb-808d-4e8c17fe1bd8","2026-08-28","manual_review"
"NATIONAL ASSOCIATION OF INDUSTRIAL & OFFICE PROPERTIES SOCAL PAC (NAIOP)","a446fb76-6f55-40fb-808d-4e8c17fe1bd8","2026-08-28","manual_review"
"CALIFORNIA ASSOCIATION OF HEALTH PLANS","ab9f954c-9fa1-4310-9da1-480c10d9ee16","2026-08-28","manual_review"
"CALIFORNIA ASSOCIATION OF HEALTH PLANS PAC","ab9f954c-9fa1-4310-9da1-480c10d9ee16","2026-08-28","manual_review"
"CALIFORNIA ASSOCIATION OF HEALTH PLANS POLITICAL ACTION COMMITTEE","ab9f954c-9fa1-4310-9da1-480c10d9ee16","2026-08-28","manual_review"
"CA ELECTRICAL CONTRACTORS PAC","c2ecb4d9-048a-43c4-99c9-c4a8cd21616a","2026-08-28","manual_review"
"CALIFORNIA ELECTRICAL CONTRACTORS","c2ecb4d9-048a-43c4-99c9-c4a8cd21616a","2026-08-28","manual_review"
"CALIFORNIA ELECTRICAL CONTRACTORS PAC","c2ecb4d9-048a-43c4-99c9-c4a8cd21616a","2026-08-28","manual_review"
"INTERNATIONAL BROTHERHOOD OF BOILEMAKERS, IRON SHIP BUILDERS, BLACKSMITHS, FORGERS AND HELPERS LOCAL 549 PAC","67ee9002-7cad-4f53-b1b6-b8b6caa1820e","2026-08-28","manual_review"
"INTERNATIONAL BROTHERHOOD OF BOILERMAKERS, IRON SHIP BUILDERS, BLACKSMITHS, FORGERS & HELPERS LOCAL 549 PAC","67ee9002-7cad-4f53-b1b6-b8b6caa1820e","2026-08-28","manual_review"
"INTERNATIONAL BROTHERHOOD OF BOILERMAKERS, IRON SHIP BUILDERS, BLACKSMITHS, FORGERS AND HELPERS LOCAL 549 PAC","67ee9002-7cad-4f53-b1b6-b8b6caa1820e","2026-08-28","manual_review"
"SHEET METAL AIR RAIL TRANSPORTATION WORKERS LOCAL UNION 105 PAC","79f59f57-f029-49d7-973f-a54569dec9e7","2026-08-28","manual_review"
"SHEET METAL TRANSPORTATION WORKERS LOCAL UNION 105 POLITICAL EDUCATION FUND","79f59f57-f029-49d7-973f-a54569dec9e7","2026-08-28","manual_review"
"SHEET METAL, AIR, RAIL TRANSPORTATION WORKERS LOCAL UNION 105 POLITICAL EDUCATION FUND","79f59f57-f029-49d7-973f-a54569dec9e7","2026-08-28","manual_review"
"SHEET METAL, AIR, RAIL, TRANSPORTATION WORKERS LOCAL UNION 105 POLITICAL EDUCATION FUND","79f59f57-f029-49d7-973f-a54569dec9e7","2026-08-28","manual_review"
"SHEET METAL, AIR, RAIL, TRANSPORTATION WORKERS LOCAL UNION 105 SMALL CONTRIBUTOR COMMITTEE","79f59f57-f029-49d7-973f-a54569dec9e7","2026-08-28","manual_review"
"SHEET METAL, AIR, RAIL, TRANSPORTATION WORKERS' INTERNATIONAL UNION (S.M.A.R.T.) LOCAL 105 PAC","79f59f57-f029-49d7-973f-a54569dec9e7","2026-08-28","manual_review"
"SHEET METAL, AIR, RAIL, TRANSPORTATION WORKERS' INTERNATIONAL UNION SMART LOCAL UNION 105 PAC","79f59f57-f029-49d7-973f-a54569dec9e7","2026-08-28","manual_review"
"SHEET METAL, AIR, RAIL, TRANSPORTATION WORKERS' LOCAL INTERNATIONAL UNION (S.M.A.R.T.) LOCAL 105 PAC","79f59f57-f029-49d7-973f-a54569dec9e7","2026-08-28","manual_review"
"CA STATEWIDE LAW ENFORCEMENT ASSOC PAC","5797aef8-335b-4365-b50d-39183b7574ed","2026-08-28","manual_review"
"CALIFORNIA STATEWIDE LAW ENFORCEMENT ASSOC PAC","5797aef8-335b-4365-b50d-39183b7574ed","2026-08-28","manual_review"
"CALIFORNIA STATEWIDE LAW ENFORCEMENT ASSOCIATION (CSLEA) PAC","5797aef8-335b-4365-b50d-39183b7574ed","2026-08-28","manual_review"
"CALIFORNIA STATEWIDE LAW ENFORCEMENT ASSOCIATION (INTERMEDIARY FOR INDIVIDUAL MEMBERS UNDER $100)","5797aef8-335b-4365-b50d-39183b7574ed","2026-08-28","manual_review"
"CALIFORNIA STATEWIDE LAW ENFORCEMENT ASSOCIATION PAC","5797aef8-335b-4365-b50d-39183b7574ed","2026-08-28","manual_review"
"CALIFORNIA STATEWIDE LAW ENFORCEMENT ASSOCIATION POLITICAL ACTION COMMITTEE","5797aef8-335b-4365-b50d-39183b7574ed","2026-08-28","manual_review"
"TECHNET","04304703-66a6-466e-83ac-8e4f0558a979","2026-08-28","manual_review"
"TECHNET POLITICAL ACTION COMMITTEE","04304703-66a6-466e-83ac-8e4f0558a979","2026-08-28","manual_review"
"TECHNOLOGY NETWORK (TECHNET) CALIFORNIA PAC","04304703-66a6-466e-83ac-8e4f0558a979","2026-08-28","manual_review"
"TECHNOLOGY NETWORK TECHNET CALIFORNIA PAC","04304703-66a6-466e-83ac-8e4f0558a979","2026-08-28","manual_review"
"AMALGAMATED TRANSIT UNION 1277","9f828fd9-3e94-4ca7-920f-12079a8ddf4c","2026-08-28","manual_review"
"AMALGAMATED TRANSIT UNION 1277 PAC SMALL CONTRIBUTOR COMMITTEE","9f828fd9-3e94-4ca7-920f-12079a8ddf4c","2026-08-28","manual_review"
"AMALGAMATED TRANSIT UNION LOCAL 1277","9f828fd9-3e94-4ca7-920f-12079a8ddf4c","2026-08-28","manual_review"
"AMALGAMETED TRANSIT UNION LOCAL 1277 PAC","9f828fd9-3e94-4ca7-920f-12079a8ddf4c","2026-08-28","manual_review"
"APARTMENT ASSN OF ORANGE COUNTY PAC","37ea869d-b248-4168-b53d-b6f10699fc05","2026-08-28","manual_review"
"APARTMENT ASSOCIATION OF ORANGE COUNTY PAC","37ea869d-b248-4168-b53d-b6f10699fc05","2026-08-28","manual_review"
"ELI LILLY AND COMPANY","703aaa48-b207-4618-8b6f-51bebea15482","2026-08-28","manual_review"
"ELI LILLY AND COMPANY PAC","703aaa48-b207-4618-8b6f-51bebea15482","2026-08-28","manual_review"
"ELI LILLY AND COMPANY POLITICAL ACTION COMMITTEE","703aaa48-b207-4618-8b6f-51bebea15482","2026-08-28","manual_review"
"ENTERPRISE HOLDINGS, INC. / ENTERPRISE MOBILITY PAC (FEC ID# C00219642)","305bc36d-ed74-47a0-b164-ca5898db663f","2026-08-28","manual_review"
"ENTERPRISE HOLDINGS, INC. / ENTERPRISE MOBILITY POLITICAL ACTION COMMITTEE - FEDPAC ID# C00219642","305bc36d-ed74-47a0-b164-ca5898db663f","2026-08-28","manual_review"
"ENTERPRISE HOLDINGS, INC. POLITICAL ACTION COMMITTEE - FEDPAC ID# C00219642","305bc36d-ed74-47a0-b164-ca5898db663f","2026-08-28","manual_review"
"ENTERPRISE HOLDINGS, INC./ENTERPRISE MOBILITY PAC - (FEC ID# C00219642)","305bc36d-ed74-47a0-b164-ca5898db663f","2026-08-28","manual_review"
"ENTERPRISE HOLDINGS, INC./ENTERPRISE MOBILITY POLITICAL ACTION COMMITTEE - FEDPAC ID# C00219642","305bc36d-ed74-47a0-b164-ca5898db663f","2026-08-28","manual_review"
"NORTHERN CALIFORNIA MECHANICAL CONTRACTORS ASSOCIATION","e3e4023d-a2a5-4e22-96ed-c9ca6a9beb3c","2026-08-28","manual_review"
"THE PLUMBING, PIPING & MECHANICAL CONTRACTORS PAC","78ba165e-c8d5-46aa-87ae-4bd28b84acca","2026-08-28","manual_review"
"THE PLUMBING, PIPING & MECHANICAL CONTRACTORS PAC SPONSORED BY CA LEGIS. CONFERENCE OF PLUMBING, HEATING & PIPING INDUSTRY","78ba165e-c8d5-46aa-87ae-4bd28b84acca","2026-08-28","manual_review"
"AFT COLLEGE STAFF GUILD - LOS ANGELES (UNITEMIZED MEMBER CONTRIBUTIONS)","76cb5b68-fe19-47ce-846e-3cc8f4a36734","2026-08-28","manual_review"
"CABRILLO COLLEGE FEDERATION OF TEACHERS (UNITEMIZED MEMBER CONTRIBUTIONS)","cd7a6750-744f-4c7f-82c3-6b1063de85cc","2026-08-28","manual_review"
"LOS ANGELES COLLEGE FACULTY GUILD COPE","3df36552-5fd1-4d9d-b898-e1267ca529d3","2026-08-28","manual_review"
"LOS ANGELES COLLEGE GUILD","3df36552-5fd1-4d9d-b898-e1267ca529d3","2026-08-28","manual_review"
"LOS ANGELES COLLEGE GUILD STATE PAC","3df36552-5fd1-4d9d-b898-e1267ca529d3","2026-08-28","manual_review"
"TRUCK UNIT PAC SPONSORED BY THE CALIFORNIA TRUCKING ASSOCIATION","44f5a3ba-3c1d-420d-aecc-f1bcf6c76112","2026-08-28","manual_review"
"TRUCK UNIT PAC, SPONSORED BY THE CALIFORNIA TRUCKING ASSOCIATION","44f5a3ba-3c1d-420d-aecc-f1bcf6c76112","2026-08-28","manual_review"
"TRUCK UNIT PAC, SPONSORED BY THE CALIFORNIA TRUCKING ASSOCIATION SMALL CONTRIBUTOR COMMITTEE","44f5a3ba-3c1d-420d-aecc-f1bcf6c76112","2026-08-28","manual_review"
"VULCAN MATERIALS COMPANY PAC","80459de8-1bd3-4ff5-8533-0438bffa834b","2026-08-28","manual_review"
"VULCAN MATERIALS COMPANY PAC (FEC ID# C00116020)","80459de8-1bd3-4ff5-8533-0438bffa834b","2026-08-28","manual_review"
"VULCAN MATERIALS COMPANY POLITICAL ACTION COMMITTEE (FEDERAL PAC ID# C00116020)","80459de8-1bd3-4ff5-8533-0438bffa834b","2026-08-28","manual_review"
"CALIFORNIA ACADEMY OF FAMILY PHYSICIANS PAC","096d82d5-6efc-4bcf-8de6-8e8080a31a9b","2026-08-28","manual_review"
"CALIFORNIA ACADEMY OF FAMILY PHYSICIANS POLITICAL ACTION COMMITTEE","096d82d5-6efc-4bcf-8de6-8e8080a31a9b","2026-08-28","manual_review"
"CALIFORNIA ASSOCIATION OF SHEET METAL & AIR CONDITIONING CONTRACTORS NATIONAL ASSOCIATION","e8b916cd-1a49-412d-8aa9-3bedb4e52c3f","2026-08-28","manual_review"
"CALIFORNIA ASSOCIATION OF SHEET METAL AND AIR CONDITIONING CONTRACTORS PAC","e8b916cd-1a49-412d-8aa9-3bedb4e52c3f","2026-08-28","manual_review"
"MICROSOFT CORPORATION STAKEHOLDERS VOLUNTARY PAC (FEC ID C00227546)","69ad7d52-49e6-467c-89f4-9e5345b44434","2026-08-28","manual_review"
"MICROSOFT CORPORATION STAKEHOLDERS VOLUNTARY PAC - MSVPAC (FED PAC ID# C00227546)","69ad7d52-49e6-467c-89f4-9e5345b44434","2026-08-28","manual_review"
"CALIFORNIA COUNCIL FOR AFFORDABLE HOUSING","9dbb0ac9-2813-4fce-95fc-c8024afd0673","2026-08-28","manual_review"
"CALIFORNIA COUNCIL FOR AFFORDABLE HOUSING PAC","9dbb0ac9-2813-4fce-95fc-c8024afd0673","2026-08-28","manual_review"
"CALIFORNIA ENVIRONMENTAL VOTERS","ff20c4d9-661f-4b07-8f90-42a650c9db03","2026-08-28","manual_review"
"ELECTING CLIMATE CHAMPIONS FUND SPONSORED BY CALIFORNIA ENVIRONMENTAL VOTERS","f3cd48a8-cb68-4e56-aac2-3711f0f1376a","2026-08-28","manual_review"
"CALIFORNIA NATIONS INDIAN GAMING ASSOCIATION","87ec0ada-323c-4991-b044-bfc5369dd007","2026-08-28","manual_review"
"CALIFORNIA NATIONS INDIAN GAMING ASSOCIATION SOVEREIGNTY PROTECTION FUND","87ec0ada-323c-4991-b044-bfc5369dd007","2026-08-28","manual_review"
"CALIFORNIA LIFE SCIENCES","6d6a2cb8-a171-49bb-98ab-f8ead4ab806f","2026-08-28","manual_review"
"CALIFORNIA LIFE SCIENCES ASSOCIATION PAC","6d6a2cb8-a171-49bb-98ab-f8ead4ab806f","2026-08-28","manual_review"
"CALIFORNIA LIFE SCIENCES ASSOCIATION POLITICAL ACTION COMMITTEE","6d6a2cb8-a171-49bb-98ab-f8ead4ab806f","2026-08-28","manual_review"
"CALIFORNIA LIFE SCIENCES PAC","6d6a2cb8-a171-49bb-98ab-f8ead4ab806f","2026-08-28","manual_review"
"CALIFORNIA LIFE SCIENCES POLITICAL ACTION COMMITTEE","6d6a2cb8-a171-49bb-98ab-f8ead4ab806f","2026-08-28","manual_review"
"CALIFORNIA RESOURCE CORPORATION","c3d1b3f8-9ed9-4ff1-93bd-9579e39a4597","2026-08-28","manual_review"
"CALIFORNIA RESOURCES CORPORATION","c3d1b3f8-9ed9-4ff1-93bd-9579e39a4597","2026-08-28","manual_review"
"CALIFORNIA RESOURCES CORPORATION (CRC) SERVICES, LLC","c3d1b3f8-9ed9-4ff1-93bd-9579e39a4597","2026-08-28","manual_review"
"CALIFORNIA RESOURCES CORPORATION AND SUBSIDIARIES(MATTHEW ALVAREZ)","c3d1b3f8-9ed9-4ff1-93bd-9579e39a4597","2026-08-28","manual_review"
"CALIFORNIA RESOURCES CORPORATION SERVICES (CRC), LLC","c3d1b3f8-9ed9-4ff1-93bd-9579e39a4597","2026-08-28","manual_review"
"CRC SERVICES, LLC(LEON J. FRANCISCO)","c3d1b3f8-9ed9-4ff1-93bd-9579e39a4597","2026-08-28","manual_review"
"CRC SERVICES, LLC(MARIA SPERBER)","c3d1b3f8-9ed9-4ff1-93bd-9579e39a4597","2026-08-28","manual_review"
"CALIFORNIA RESOURCES CORPORATION AND SUBSIDIARIES","c3d1b3f8-9ed9-4ff1-93bd-9579e39a4597","2026-08-28","manual_review"
"CALIFORNIA RESOURCES CORPORATION AND SUBSIDIARIES(CLIO C. CRESPY)","c3d1b3f8-9ed9-4ff1-93bd-9579e39a4597","2026-08-28","manual_review"
"CALIFORNIA FOR JOBS AND A STRONG ECONOMY","064cbe33-0a73-419b-b205-2e28ada9ec95","2026-08-28","manual_review"
"CALIFORNIANS FOR JOBS & A STRONG ECONOMY","064cbe33-0a73-419b-b205-2e28ada9ec95","2026-08-28","manual_review"
"CALIFORNIANS FOR JOBS AND A STRONG ECONOMY","064cbe33-0a73-419b-b205-2e28ada9ec95","2026-08-28","manual_review"
"WINE INSTITUTE","4775cf7a-6b89-40e3-b0f1-b6be39a7ead1","2026-08-28","manual_review"
"WINE INSTITUTE CA PAC","4775cf7a-6b89-40e3-b0f1-b6be39a7ead1","2026-08-28","manual_review"
"WINE INSTITUTE CALIFORNIA PAC","4775cf7a-6b89-40e3-b0f1-b6be39a7ead1","2026-08-28","manual_review"
"GOLDEN STATE LEADERSHIP FUND","55d0aaf0-09df-469d-8d3e-f1f6e64f6ac2","2026-08-28","manual_review"
"GOLDEN STATE LEADERSHIP FUND PAC","55d0aaf0-09df-469d-8d3e-f1f6e64f6ac2","2026-08-28","manual_review"
"CALPINE CORP","02a813ea-47d1-4267-9d1c-4b57dd176282","2026-08-28","manual_review"
"CALPINE CORPORATION","02a813ea-47d1-4267-9d1c-4b57dd176282","2026-08-28","manual_review"
"PHARMACEUTICAL RESEARCH & MANUFACTURERS OF AMERICA PAC INDEPENDENT EXPENDITURE COMMITTEE","bea4ff99-a150-4ff3-99b8-7c2ddb23cb90","2026-08-28","manual_review"
"PHARMACEUTICAL RESEARCH & MANUFACTURERS OF AMERICA PAC IE COMMITTEE","bea4ff99-a150-4ff3-99b8-7c2ddb23cb90","2026-08-28","manual_review"
"PHARMACEUTICAL RESEARCH AND MANUFACTURERS OF AMERICA INDEPENDENT EXPENDITURE COMMITTEE","bea4ff99-a150-4ff3-99b8-7c2ddb23cb90","2026-08-28","manual_review"
"PHARMACEUTICAL RESEARCH AND MANUFACTURERS OF AMERICA IEC","bea4ff99-a150-4ff3-99b8-7c2ddb23cb90","2026-08-28","manual_review"
"PHARMACEUTICAL RESEARCH & MANUFACTURERS ASSN OF AMERICA","bea4ff99-a150-4ff3-99b8-7c2ddb23cb90","2026-08-28","manual_review"
"PHARMACEUTICAL RESEARCH & MANUFACTURERS ASSN OF AMERICA PAC","bea4ff99-a150-4ff3-99b8-7c2ddb23cb90","2026-08-28","manual_review"
"PHARMACEUTICAL RESEARCH AND MANUFACTURERS ASSN OF AMERICA PAC","bea4ff99-a150-4ff3-99b8-7c2ddb23cb90","2026-08-28","manual_review"
"PHARMACEUTICAL RESEARCH AND MANUFACTURERS ASSOCIATION AMERICA PAC","bea4ff99-a150-4ff3-99b8-7c2ddb23cb90","2026-08-28","manual_review"
"PHARMACEUTICAL RESEARCH AND MANUFACTURERS ASSOCIATION OF AMERICA PAC","bea4ff99-a150-4ff3-99b8-7c2ddb23cb90","2026-08-28","manual_review"
"PHARMACEUTICAL RESEARCH AND MANUFACTURERS OF AMERICA","bea4ff99-a150-4ff3-99b8-7c2ddb23cb90","2026-08-28","manual_review"
"COMMITTEE TO EXPAND THE MIDDLE CLASS CANDIDATE COMMITTEE, SPONSORED BY AIRBNB, INC.","60436a06-5192-4f99-af0b-1c727087820a","2026-08-28","manual_review"
"UNITED NURSES ASSOCIATION OF CA/UNION OF HEALTH CARE PROFESSIONALS","524910d6-05ce-43fb-8834-11d0f8253c01","2026-08-28","manual_review"
"UNITED NURSES ASSOCIATION OF CA/UNION OF HEALTH CARE PROFESSIONALS (INTERMEDIARY FOR UNITEMIZED UNION MEMBER CONTRIBUTIONS)","524910d6-05ce-43fb-8834-11d0f8253c01","2026-08-28","manual_review"
"UNITED NURSES ASSOCIATION OF CALIFORNIA (INTERMEDIARY FOR UNITEMIZED UNION MEMBER CONTRIBUTIONS)","524910d6-05ce-43fb-8834-11d0f8253c01","2026-08-28","manual_review"
"UNITED NURSES ASSOCIATION OF CALIFORNIA/UNION OF HEALTH CARE PROFESSIONALS PAC (UNAC PAC)","524910d6-05ce-43fb-8834-11d0f8253c01","2026-08-28","manual_review"
"UNITED NURSES ASSOCIATION OF CALIFORNIA/UNION OF HEALTH CARE PROFESSIONALS PAC (UNAC PAC) SMALL CONTRIBUTOR COMMITTEE","524910d6-05ce-43fb-8834-11d0f8253c01","2026-08-28","manual_review"
"UNITED NURSES ASSOCIATIONS OF CALIFORNIA / UNION OF HEALTH CARE PROFESSIONALS PAC (UNAC PAC)","524910d6-05ce-43fb-8834-11d0f8253c01","2026-08-28","manual_review"
"UNITED NURSES ASSOCIATIONS OF CALIFORNIA / UNION OF HEALTH CARE PROFESSIONALS PAC (UNAC PAC) SCC","524910d6-05ce-43fb-8834-11d0f8253c01","2026-08-28","manual_review"
"UNITED NURSES ASSOCIATIONS OF CALIFORNIA / UNION OF HEALTH CARE PROFESSIONALS PAC (UNAC PAC) SMALL CONTRIBUTOR COMMITTEE","524910d6-05ce-43fb-8834-11d0f8253c01","2026-08-28","manual_review"
"UNITED NURSES ASSOCIATIONS OF CALIFORNIA/ UNION OF HEALTH CARE PROFESSIONALS","524910d6-05ce-43fb-8834-11d0f8253c01","2026-08-28","manual_review"
"UNITED NURSES ASSOCIATIONS OF CALIFORNIA/UNION OF HEALTH CARE PROFESSIONALS PAC (UNAC PAC) SMALL CONTRIBUTOR COMMITTEE","524910d6-05ce-43fb-8834-11d0f8253c01","2026-08-28","manual_review"
"CALIFORNIA CONSTRUCTION & INDUSTRIAL MATERIAL ASSOCIATION PAC","4d072e41-26c1-437e-8840-5ff5b1c8d53c","2026-08-28","manual_review"
"CALIFORNIA CONSTRUCTION & INDUSTRIAL MATERIAL ASSOCIATION PAC (CALCIMA)","4d072e41-26c1-437e-8840-5ff5b1c8d53c","2026-08-28","manual_review"
"CALIFORNIA CONSTRUCTION & INDUSTRIAL MATERIALS ASSOCIATION","4d072e41-26c1-437e-8840-5ff5b1c8d53c","2026-08-28","manual_review"
"CALIFORNIA CONSTRUCTION & INDUSTRIAL MATERIALS ASSOCIATION PAC","4d072e41-26c1-437e-8840-5ff5b1c8d53c","2026-08-28","manual_review"
"CALIFORNIA ASSOCIATION OF DENTAL PLANS PAC","573503f7-90e1-474d-a826-7cfd96c470c5","2026-08-28","manual_review"
"CALIFORNIA ASSOCIATION OF DENTAL PLANS POLITICAL ACTION COMMITTEE","573503f7-90e1-474d-a826-7cfd96c470c5","2026-08-28","manual_review"
"CATERPILLAR INC. POLITICAL ACTION COMMITTEE (CATPAC) (FEC ID# C00148031)","c60f5757-1778-4be0-b0b0-6d50c2fe0e24","2026-08-28","manual_review"
"CATERPILLAR, INC.","c60f5757-1778-4be0-b0b0-6d50c2fe0e24","2026-08-28","manual_review"
"PACE OF CA SCHOOL EMPLOYEES ASSOCIATION","1bbe4ce2-bcfb-4cc4-a299-6a0cc8989a41","2026-08-28","manual_review"
"PACE OF CALIFORNIA SCHOOL EMPLOYEES","1bbe4ce2-bcfb-4cc4-a299-6a0cc8989a41","2026-08-28","manual_review"
"PACE OF CALIFORNIA SCHOOL EMPLOYEES ASSOCIATION","1bbe4ce2-bcfb-4cc4-a299-6a0cc8989a41","2026-08-28","manual_review"
"PACE OF CALIFORNIA SCHOOL EMPLOYEES ASSOCIATION LOCAL, STATE, FEDERAL CANDIDATES (FEC ID# C00480830) SCC","1bbe4ce2-bcfb-4cc4-a299-6a0cc8989a41","2026-08-28","manual_review"
"PACE OF CALIFORNIA SCHOOL EMPLOYEES ASSOCIATION LOCAL, STATE, FEDERAL CANDIDATES (FED ID #C00480830) SCC","1bbe4ce2-bcfb-4cc4-a299-6a0cc8989a41","2026-08-28","manual_review"
"PACE OF CALIFORNIA SCHOOL EMPLOYEES ASSOCIATION LOCAL, STATE, FEDERAL CANDIDATES (FED PAC ID #C00480830)","1bbe4ce2-bcfb-4cc4-a299-6a0cc8989a41","2026-08-28","manual_review"
"PACE OF CALIFORNIA SCHOOL EMPLOYEES ASSOCIATION LOCAL, STATE, FEDERAL CANDIDATES (FED PAC ID C00480830)","1bbe4ce2-bcfb-4cc4-a299-6a0cc8989a41","2026-08-28","manual_review"
"PACE OF CA SCHOOL EMPLOYEES","1bbe4ce2-bcfb-4cc4-a299-6a0cc8989a41","2026-08-28","manual_review"
"PACE OF CALIFORNIA SCHOOL EMPLOYEES ASSOCIATION","1bbe4ce2-bcfb-4cc4-a299-6a0cc8989a41","2026-08-28","manual_review"
"PACE OF CALIFORNIA SCHOOL EMPLOYEES ASSOCIATION SMALL CONTRIBUTOR COMMITTEE","1bbe4ce2-bcfb-4cc4-a299-6a0cc8989a41","2026-08-28","manual_review"
"PACE OF CALIFORNIA SCHOOL EMPLOYES ASSOCIATION SMALL CONTRIBUTOR COMMITTEE","1bbe4ce2-bcfb-4cc4-a299-6a0cc8989a41","2026-08-28","manual_review"
"BOEING COMPANY POLITICAL ACTION COMMITTEE (FED PAC ID C00142711), THE","e1aeca0d-f777-4fdb-a96a-68b5e774ba9a","2026-08-28","manual_review"
"THE BOEING COMPANY PAC (FEC ID# C00142711)","e1aeca0d-f777-4fdb-a96a-68b5e774ba9a","2026-08-28","manual_review"
"THE BOEING COMPANY PAC (FED PAC ID #C00142711)","e1aeca0d-f777-4fdb-a96a-68b5e774ba9a","2026-08-28","manual_review"
"THE BOEING COMPANY PAC (FED PAC ID C00142711)","e1aeca0d-f777-4fdb-a96a-68b5e774ba9a","2026-08-28","manual_review"
"CEMEX","1f655c3a-b95a-4eca-96ae-aa6f5ad22274","2026-08-28","manual_review"
"CEMEX MATERIALS LLC","1f655c3a-b95a-4eca-96ae-aa6f5ad22274","2026-08-28","manual_review"
"CA STATE ASSOCIATION OF ELECTRICAL WORKERS","102349ec-bf3b-473e-9398-15d861f4f805","2026-08-28","manual_review"
"CALIFORNIA STATE ASSOCIATION OF ELECTRICAL WORKER SMALL CONTRIBUTOR COMMITTEE","102349ec-bf3b-473e-9398-15d861f4f805","2026-08-28","manual_review"
"CALIFORNIA STATE ASSOCIATION OF ELECTRICAL WORKERS","102349ec-bf3b-473e-9398-15d861f4f805","2026-08-28","manual_review"
"CALIFORNIA STATE ASSOCIATION OF ELECTRICAL WORKERS PAC","102349ec-bf3b-473e-9398-15d861f4f805","2026-08-28","manual_review"
"CALIFORNIA STATE ASSOCIATION OF ELECTRICAL WORKERS POLITICAL ACCOUNT","102349ec-bf3b-473e-9398-15d861f4f805","2026-08-28","manual_review"
"CALIFORNIA STATE ASSOCIATION OF ELECTRICAL WORKERS SMALL CONTRIBUTOR COMMITTEE","102349ec-bf3b-473e-9398-15d861f4f805","2026-08-28","manual_review"
"ABBOTT LABORATORIES EMPLOYEE PAC","ac7c5d79-8868-435b-a6c7-96b0ca230215","2026-08-28","manual_review"
"ABBOTT LABORATORIES EMPLOYEE PAC (FEC ID# C00040279)","ac7c5d79-8868-435b-a6c7-96b0ca230215","2026-08-28","manual_review"
"ABBOTT LABORATORIES EMPLOYEE PAC (FED PAC ID # C00040279)","ac7c5d79-8868-435b-a6c7-96b0ca230215","2026-08-28","manual_review"
"ABBOTT LABORATORIES EMPLOYEE PAC (FED PAC ID #C00040279)","ac7c5d79-8868-435b-a6c7-96b0ca230215","2026-08-28","manual_review"
"ABBOTT LABORATORIES EMPLOYEE PAC (FED PAC ID# C00040279)","ac7c5d79-8868-435b-a6c7-96b0ca230215","2026-08-28","manual_review"
"ABBOTT LABORATORIES EMPLOYEE POLITICAL ACTION COMMITTEE (FED PAC ID #: C00040279)","ac7c5d79-8868-435b-a6c7-96b0ca230215","2026-08-28","manual_review"
"ABBOTT LABORATORIES EMPLOYEE POLITICAL ACTION COMMITTEE (FED PAC ID #C00040279)","ac7c5d79-8868-435b-a6c7-96b0ca230215","2026-08-28","manual_review"
"ABBOTT LABORATORIES EMPLOYEE POLITICAL ACTION COMMITTEE (FED PAC ID#: C00040279)","ac7c5d79-8868-435b-a6c7-96b0ca230215","2026-08-28","manual_review"
"ABBOTT LABORATORIES EMPLOYEE POLITICAL ACTION COMMITTEE (FED PAC ID#: C00042079)","ac7c5d79-8868-435b-a6c7-96b0ca230215","2026-08-28","manual_review"
"ABOTT LABORATORIES EMPLOYEE POLITICAL ACTION COMMITTEE (FED PAC ID#: C00040279)","ac7c5d79-8868-435b-a6c7-96b0ca230215","2026-08-28","manual_review"
"CA STATE LODGE FOP PAC","f552084f-732c-414c-aed5-4888b0205c6f","2026-08-28","manual_review"
"CA STATE LODGE FRATERNAL ORDER OF POLICE (FOP) PAC","f552084f-732c-414c-aed5-4888b0205c6f","2026-08-28","manual_review"
"CALIFORNIA STATE LODGE FRATERNAL ORDER OF POLICE (FOP) PAC","f552084f-732c-414c-aed5-4888b0205c6f","2026-08-28","manual_review"
"CALIFORNIA STATE LODGE FRATERNAL ORDER OF POLICE (INTERMEDIARY FOR MEMBERS UNDER $100)","f552084f-732c-414c-aed5-4888b0205c6f","2026-08-28","manual_review"
"CALIFORNIA STATE LODGE FRATERNAL ORDER OF POLICE PAC","f552084f-732c-414c-aed5-4888b0205c6f","2026-08-28","manual_review"
"CALIFORNIA STATE LODGE FRATERNAL ORDER OF POLICE POLITICAL ACTION COMMITTEE","f552084f-732c-414c-aed5-4888b0205c6f","2026-08-28","manual_review"
"ANGELENOS FOR SAFE TRANSPORTATION PAC SPONSORED BY L.A. TAXI COOPERATIVE, INC. AND SOUTH BAY COOPERATIVE, INC.","508aeec5-4617-4942-a6c8-a61d55ee0650","2026-08-28","manual_review"
"ANGELENOS FOR SAFE TRANSPORTATION PAC SPONSORED BY LA TAXI COOPERATIVE, INC. AND SOUTH BAY COOPERATIVE, INC.","508aeec5-4617-4942-a6c8-a61d55ee0650","2026-08-28","manual_review"
"ANGELENOS FOR SAFE TRANSPORTATION PAC SPONSORED BY LOS ANGELES TAXI COOPERATIVE, INC. AND SOUTH BAY COOPERATIVE, INC.","508aeec5-4617-4942-a6c8-a61d55ee0650","2026-08-28","manual_review"
"CALIFORNIA AMERICAN WATER EMPLOYEE PAC","68bc749d-fefb-4cdd-b1ac-9ef504f03282","2026-08-28","manual_review"
"CALIFORNIA AMERICAN WATER EMPLOYEE POLITICAL ACTION COMMITTEE","68bc749d-fefb-4cdd-b1ac-9ef504f03282","2026-08-28","manual_review"
"CHEVRON","ba268965-a82d-4ed2-adcb-51f15e944b05","2026-08-28","manual_review"
"CHEVRON CORPORATION","ba268965-a82d-4ed2-adcb-51f15e944b05","2026-08-28","manual_review"
"CHEVRON U.S.A INC.","ba268965-a82d-4ed2-adcb-51f15e944b05","2026-08-28","manual_review"
"CHEVRON U.S.A. INC","ba268965-a82d-4ed2-adcb-51f15e944b05","2026-08-28","manual_review"
"CHEVRON U.S.A. INC.","ba268965-a82d-4ed2-adcb-51f15e944b05","2026-08-28","manual_review"
"CHEVRON USA INC.","ba268965-a82d-4ed2-adcb-51f15e944b05","2026-08-28","manual_review"
"CHEVRON U.S.A., INC.","ba268965-a82d-4ed2-adcb-51f15e944b05","2026-08-28","manual_review"
"CHEVRON USA, INC.","ba268965-a82d-4ed2-adcb-51f15e944b05","2026-08-28","manual_review"
"CHEVRON USA INC.","ba268965-a82d-4ed2-adcb-51f15e944b05","2026-08-28","manual_review"
"AMERICAN PISTACHIO GROWERS CA PAC","d402046d-7612-4b0a-a2a4-a1993016ec89","2026-08-28","manual_review"
"AMERICAN PISTACHIO GROWERS CALIFORNIA PAC","d402046d-7612-4b0a-a2a4-a1993016ec89","2026-08-28","manual_review"
"AMERICAN PISTACHIO GROWERS CALIFORNIA PAC (RESTRICTED USE ACCOUNT)","d402046d-7612-4b0a-a2a4-a1993016ec89","2026-08-28","manual_review"
"CA LAND TITLE ASSOCIATION PAC","ac0ef071-c493-4a92-8fc3-b91bef0b5fa3","2026-08-28","manual_review"
"CALIFORNIA LAND TITLE ASSOCIATION PAC","ac0ef071-c493-4a92-8fc3-b91bef0b5fa3","2026-08-28","manual_review"
"AMERICAN BEVERAGE ASSOCIATION CALIFORNIA PAC","2a625816-047f-40f5-b498-099a3bc2ab56","2026-08-28","manual_review"
"AMERICAN BEVERAGE ASSOCIATION CALIFORNIA PAC (NON-PROFIT 501(C)(6))","2a625816-047f-40f5-b498-099a3bc2ab56","2026-08-28","manual_review"
"GOOD GOVERNANCE PAC SPONSORED BY VASQUEZ & COMPANY LLP","b64281d4-54e1-41d2-abd0-537bd38bcb5f","2026-08-28","manual_review"
"GOOD GOVERNANCE POLITICAL ACTION COMMITTEE (SPONSORED BY VASQUEZ & CO., LLP)","b64281d4-54e1-41d2-abd0-537bd38bcb5f","2026-08-28","manual_review"
"C.J. SEGERSTROM & SONS","6361c507-7622-41ff-b817-da720f75e7e6","2026-08-28","manual_review"
"CJ SEGERSTROM & SONS","6361c507-7622-41ff-b817-da720f75e7e6","2026-08-28","manual_review"
"ABBVIE PAC (FEC ID# C00536573)","bbf664cd-13a9-4441-a220-dc19d54d6768","2026-08-28","manual_review"
"ABBVIE PAC (FED PAC ID #C00536573)","bbf664cd-13a9-4441-a220-dc19d54d6768","2026-08-28","manual_review"
"ABBVIE PAC (FED PAC ID C00536573)","bbf664cd-13a9-4441-a220-dc19d54d6768","2026-08-28","manual_review"
"ABBVIE POLITICAL ACTION COMMITTEE","bbf664cd-13a9-4441-a220-dc19d54d6768","2026-08-28","manual_review"
"CNA FINANCIAL","356917eb-8cb2-4415-b04c-8d3bc806a682","2026-08-28","manual_review"
"CNA INSURANCE","356917eb-8cb2-4415-b04c-8d3bc806a682","2026-08-28","manual_review"
"CONTINENTAL CASUALTY COMPANY","356917eb-8cb2-4415-b04c-8d3bc806a682","2026-08-28","manual_review"
"ALMOND ALLIANCE PAC","91e3856f-0dab-439e-8d49-7848f3ca94c5","2026-08-28","manual_review"
"CA ALMOND INDUSTRY PAC, SPONSORED BY THE ALMOND ALLIANCE OF CALIFORNIA","91e3856f-0dab-439e-8d49-7848f3ca94c5","2026-08-28","manual_review"
"CALIFORNIA ALMOND INDUSTRY PAC, SPONSORED BY THE ALMOND ALLIANCE OF CALIFORNIA","91e3856f-0dab-439e-8d49-7848f3ca94c5","2026-08-28","manual_review"
"CA PAWNBROKERS ASSOCIATION PAC","03ce883e-cecd-421b-8012-fdf20015cc03","2026-08-28","manual_review"
"CALIFORNIA PAWNBROKERS ASSOCIATION PAC","03ce883e-cecd-421b-8012-fdf20015cc03","2026-08-28","manual_review"
"SEIU CALIFORNIA STATE COUNCIL","a531dcca-e8e5-4ff2-a8a3-d449e2f1eb74","2026-08-28","manual_review"
"SEIU CALIFORNIA STATE COUNCIL (NONPROFIT 501 (C) (5) )","a531dcca-e8e5-4ff2-a8a3-d449e2f1eb74","2026-08-28","manual_review"
"HONEYWELL INTERNATIONAL PAC (FEC ID# C00096156)","cf81dbe8-5108-44bd-a0d8-2e1dbf242d14","2026-08-28","manual_review"
"HONEYWELL INTERNATIONAL PAC (FED PAC ID #C00096156)","cf81dbe8-5108-44bd-a0d8-2e1dbf242d14","2026-08-28","manual_review"
"HONEYWELL INTERNATIONAL PAC (FED PAC ID# C00096156)","cf81dbe8-5108-44bd-a0d8-2e1dbf242d14","2026-08-28","manual_review"
"COINBASE, INC","08398705-2a63-45ee-b8c5-48a070ef19a1","2026-08-28","manual_review"
"COINBASE, INC.","08398705-2a63-45ee-b8c5-48a070ef19a1","2026-08-28","manual_review"
"UNITED PARCEL SERVICE INC. PAC (UPSPAC) (FEC ID# C00064766)","751f98ec-35b7-4504-979f-6e5fbec486e8","2026-08-28","manual_review"
"UNITED PARCEL SERVICE INC. PAC (UPSPAC) (FED PAC ID C00064766)","751f98ec-35b7-4504-979f-6e5fbec486e8","2026-08-28","manual_review"
"UNITED PARCEL SERVICE INC. POLITICAL ACTION COMMITTEE (FEC ID #C00064766)","751f98ec-35b7-4504-979f-6e5fbec486e8","2026-08-28","manual_review"
"UNITED PARCEL SERVICE PAC (UPS PAC) FED ID #C0064766","751f98ec-35b7-4504-979f-6e5fbec486e8","2026-08-28","manual_review"
"UNITED PARCEL SERVICE, INC. PAC (UPSPAC) (FEC ID# C00064766)","751f98ec-35b7-4504-979f-6e5fbec486e8","2026-08-28","manual_review"
"UNITED PARCEL SERVICE, INC. PAC (UPSPAC) (FED PAC ID C00064766)","751f98ec-35b7-4504-979f-6e5fbec486e8","2026-08-28","manual_review"
"COMCAST","deaafbda-c611-40d2-9590-30d88ab4760d","2026-08-28","manual_review"
"COMCAST CABLE COMMUNICATIONS","deaafbda-c611-40d2-9590-30d88ab4760d","2026-08-28","manual_review"
"COMCAST CORPORATION","deaafbda-c611-40d2-9590-30d88ab4760d","2026-08-28","manual_review"
"COMCAST CORPORATION AND AFFILIATED ENTITIES INCLUDING NBCUNIVERSAL MEDIA, LLC","deaafbda-c611-40d2-9590-30d88ab4760d","2026-08-28","manual_review"
"COMCAST FINANCIAL AGENCY CORP","deaafbda-c611-40d2-9590-30d88ab4760d","2026-08-28","manual_review"
"COMCAST FINANCIAL AGENCY CORP.","deaafbda-c611-40d2-9590-30d88ab4760d","2026-08-28","manual_review"
"COMCAST FINANCIAL AGENCY CORPORATION","deaafbda-c611-40d2-9590-30d88ab4760d","2026-08-28","manual_review"
"CALIFORNIA IATSE COUNCIL","3eeccbc6-5f54-4e1c-a721-1cef9b0a6455","2026-08-28","manual_review"
"CALIFORNIA IATSE COUNCIL PAC","3eeccbc6-5f54-4e1c-a721-1cef9b0a6455","2026-08-28","manual_review"
"CA YIMBY VICTORY FUND","e5c2f0d4-7cad-45a3-b769-5d496d552c37","2026-08-28","manual_review"
"CALIFORNIA YIMBY","e5c2f0d4-7cad-45a3-b769-5d496d552c37","2026-08-28","manual_review"
"CALIFORNIA YIMBY VICTORY FUND","e5c2f0d4-7cad-45a3-b769-5d496d552c37","2026-08-28","manual_review"
"CONDUENT INCORPORATED POLITICAL ACTION COMMITTEE (CNDT PAC) (FED PAC ID #C00629527","dff7fc3c-deb2-4f38-a88e-d1ca930fbd92","2026-08-28","manual_review"
"CONDUENT INCORPORATED POLITICAL ACTION COMMITTEE (CNDT PAC) (FED PAC ID #C00629527)","dff7fc3c-deb2-4f38-a88e-d1ca930fbd92","2026-08-28","manual_review"
"DENTAQUEST PAC TN-C","60ae3466-604e-4401-a737-12c7b58874cb","2026-08-28","manual_review"
"DENTAQUEST PAC-TN-C","60ae3466-604e-4401-a737-12c7b58874cb","2026-08-28","manual_review"
"DENTAQUEST PAC-TN-C TN PAC","60ae3466-604e-4401-a737-12c7b58874cb","2026-08-28","manual_review"
"THE HOME DEPOT","d1b82daa-6ac6-4330-9995-d324d8c712ad","2026-08-28","manual_review"
"THE HOME DEPOT INC. PAC (FEC PAC ID# C00284558)","d1b82daa-6ac6-4330-9995-d324d8c712ad","2026-08-28","manual_review"
"THE HOME DEPOT INC. POLITICAL ACTION COMMITTEE","d1b82daa-6ac6-4330-9995-d324d8c712ad","2026-08-28","manual_review"
"THE HOME DEPOT INC. POLITICAL ACTION COMMITTEE (FED PAC ID # C00284885)","d1b82daa-6ac6-4330-9995-d324d8c712ad","2026-08-28","manual_review"
"THE HOME DEPOT INC. POLITICAL ACTION COMMITTEE (FED PAC ID #C00284885)","d1b82daa-6ac6-4330-9995-d324d8c712ad","2026-08-28","manual_review"
"THE HOME DEPOT, INC. PAC (FEC ID #C00284885)","d1b82daa-6ac6-4330-9995-d324d8c712ad","2026-08-28","manual_review"
"GUARDIAN LIFE INSURANCE COMPANY OF AMERICA PAC","a7963950-1ce4-4734-b410-4ae3b5954de0","2026-08-28","manual_review"
"THE GUARDIAN LIFE INSURANCE COMPANY OF AMERICA PAC - GENERAL (FED ID #C00674465)","a7963950-1ce4-4734-b410-4ae3b5954de0","2026-08-28","manual_review"
"WESTERN STATES PETROLEUM ASSN. CA PAC","60d1ac3e-7c86-4a65-aad2-67e5e4297a1c","2026-08-28","manual_review"
"WESTERN STATES PETROLEUM ASSOCIATION","60d1ac3e-7c86-4a65-aad2-67e5e4297a1c","2026-08-28","manual_review"
"WESTERN STATES PETROLEUM ASSOCIATION CALIFORNIA PAC","60d1ac3e-7c86-4a65-aad2-67e5e4297a1c","2026-08-28","manual_review"
"WESTERN STATES PETROLEUM ASSOCIATION CALIFORNIA PAC (AKA WSPA CA PAC)","60d1ac3e-7c86-4a65-aad2-67e5e4297a1c","2026-08-28","manual_review"
"WESTERN STATES PETROLEUM ASSOCIATION PAC (WSPA CA PAC)","60d1ac3e-7c86-4a65-aad2-67e5e4297a1c","2026-08-28","manual_review"
"CALIFORNIANS FOR FAIR HOUSING","5a0e39b1-1291-469e-958f-0b85ccc5f32c","2026-08-28","manual_review"
"CALIFORNIANS FOR FAIR HOUSING PAC","5a0e39b1-1291-469e-958f-0b85ccc5f32c","2026-08-28","manual_review"
"CALIFORNIANS FOR FAIR HOUSING SPONSORED BY CALIFORNIA RENTAL HOUSING ASSOCIATION","5a0e39b1-1291-469e-958f-0b85ccc5f32c","2026-08-28","manual_review"
"A BI-PARTISAN COALITION OF MUNICIPAL, COUNTY, LATINO APPOINTED AND ELECTED LEADERS PAC, LCCC PAC","7e1525a9-e0ff-4709-934c-f89c42e13463","2026-08-28","manual_review"
"LCCC PAC","7e1525a9-e0ff-4709-934c-f89c42e13463","2026-08-28","manual_review"
"LCCC PAC A BI-PARTISAN COALITION OF MUNICIPAL, COUNTY, LATINO APPOINTED & ELECTED LEADERS","7e1525a9-e0ff-4709-934c-f89c42e13463","2026-08-28","manual_review"
"LCCC PAC, A BI-PARTISAN COALITION OF MUNICIPAL, COUNTY, LATINO APPOINTED AND ELECTED LEADERS","7e1525a9-e0ff-4709-934c-f89c42e13463","2026-08-28","manual_review"
"CA PRIMARY CARE ASSN ADVOCATES PAC","38e433d2-bec1-450b-b691-47108e03597a","2026-08-28","manual_review"
"CA PRIMARY CARE ASSOCIATION ADVOCATES PAC","38e433d2-bec1-450b-b691-47108e03597a","2026-08-28","manual_review"
"CALIFORNIA PRIMARY CARE ASSOCIATION ADVOCATES PAC","38e433d2-bec1-450b-b691-47108e03597a","2026-08-28","manual_review"
"CALIFORNIA PRIMARY CARE ASSOCIATION ADVOCATES POLITICAL ACTION COMMITTEE","38e433d2-bec1-450b-b691-47108e03597a","2026-08-28","manual_review"
"COX COMMUNICATIONS, INC","7943a206-7564-485f-a4d7-c8d5949f784a","2026-08-28","manual_review"
"COX COMMUNICATIONS, INC.","7943a206-7564-485f-a4d7-c8d5949f784a","2026-08-28","manual_review"
"COMMITTEE TO EXPAND THE MIDDLE CLASS CANDIDATE COMMITTEE SPONSORED BY AIRBNB, INC.","5549d074-e334-4a27-bf5b-b25c4cfb546b","2026-08-28","manual_review"
"THE COMMITTEE TO EXPAND THE MIDDLE CLASS CANDIDATE COMMITTEE, SPONSORED BY AIRBNB, INC.","5549d074-e334-4a27-bf5b-b25c4cfb546b","2026-08-28","manual_review"
"UBER INNOVATION PAC","b138c9ec-53cd-4787-afa3-24f87629d790","2026-08-28","manual_review"
"UBER INNOVATION POLITICAL ACTION COMMITTEE","b138c9ec-53cd-4787-afa3-24f87629d790","2026-08-28","manual_review"
"CREDIT UNION OF SOUTHERN CA","bddd4a24-bc30-45cc-97f7-0a0a25e67805","2026-08-28","manual_review"
"CREDIT UNION OF SOUTHERN CALIFORNIA","bddd4a24-bc30-45cc-97f7-0a0a25e67805","2026-08-28","manual_review"
"MIKE GATTO FOR LT GOVERNOR 2026","76ca66da-3c06-45cb-bbc4-90754d8537fe","2026-08-28","manual_review"
"MIKE GATTO FOR LT. GOVERNOR 2026","76ca66da-3c06-45cb-bbc4-90754d8537fe","2026-08-28","manual_review"
"CALIFORNIANS FOR SAFER NEIGHBORHOODS","eb2ea146-243a-4fb4-9955-7958f8af667b","2026-08-28","manual_review"
"CALIFORNIANS FOR SAFER NEIGHBORHOODS SPONSORED BY ASSOCIATION FOR LOS ANGELES DEPUTY SHERIFFS","eb2ea146-243a-4fb4-9955-7958f8af667b","2026-08-28","manual_review"
"CALIFORNIANS FOR SAFER NEIGHBORHOODS, SPONSORED BY ASSOCIATION FOR LOS ANGELES DEPUTY SHERIFFS","eb2ea146-243a-4fb4-9955-7958f8af667b","2026-08-28","manual_review"
"HOUSING PROVIDERS FOR RESPONSIBLE SOLUTIONS","f5e941c7-c920-4eae-914d-8eceb750024b","2026-08-28","manual_review"
"HOUSING PROVIDERS FOR RESPONSIBLE SOLUTIONS, SPONSORED BY HOUSING PROVIDERS","f5e941c7-c920-4eae-914d-8eceb750024b","2026-08-28","manual_review"
"LOWE'S COMPANIES, INC. PAC (FED PAC ID# C00251751)","7e1ed7ae-14f6-43b7-aff0-8e88fdb22692","2026-08-28","manual_review"
"LOWE'S COMPANIES, INC. POLITICAL ACTION COMMITTEE (FED PAC IDC00251751)","7e1ed7ae-14f6-43b7-aff0-8e88fdb22692","2026-08-28","manual_review"
"EMPLOYEES OF QUANTA SERVICES, INC. (FEC ID# C00720920)","3892005b-5fea-4f3e-bed8-279440535bcf","2026-08-28","manual_review"
"QUANTA SERVICES, INC. POLITICAL ACTION COMMITTEE (FEC ID #C00720920)","3892005b-5fea-4f3e-bed8-279440535bcf","2026-08-28","manual_review"
"PHYSICIAN ASSOCIATION OF CALIFORNIA","fb40e856-baa0-429b-9860-a76cf1d99946","2026-08-28","manual_review"
"PHYSICIAN ASSOCIATION OF CALIFORNIA (PAC) PAC","fb40e856-baa0-429b-9860-a76cf1d99946","2026-08-28","manual_review"
"PHYSICIAN ASSOCIATION OF CALIFORNIA (PAC) POLITICAL ACTION COMMITTEE","fb40e856-baa0-429b-9860-a76cf1d99946","2026-08-28","manual_review"
"PHYSICIAN ASSOCIATION OF CALIFORNIA PAC","fb40e856-baa0-429b-9860-a76cf1d99946","2026-08-28","manual_review"
"PHYSICIAN ASSOCIATION OF CALIFORNIA POLITICAL ACTION COMMITTEE","fb40e856-baa0-429b-9860-a76cf1d99946","2026-08-28","manual_review"
"CA ALLIANCE OF FAMILY OWNED BUSINESSES PAC","4d7e8019-d02c-4e1f-98d5-d57e2c3a3c1a","2026-08-28","manual_review"
"CALIFORNIA ALLIANCE OF FAMILY OWNED BUSINESS PAC","4d7e8019-d02c-4e1f-98d5-d57e2c3a3c1a","2026-08-28","manual_review"
"CALIFORNIA ALLIANCE OF FAMILY OWNED BUSINESSES","4d7e8019-d02c-4e1f-98d5-d57e2c3a3c1a","2026-08-28","manual_review"
"CALIFORNIA ALLIANCE OF FAMILY OWNED BUSINESSES PAC","4d7e8019-d02c-4e1f-98d5-d57e2c3a3c1a","2026-08-28","manual_review"
"LOS ANGELES POLICE PROTECTIVE LEAGUE PAC","b19e4deb-2eb0-48e7-aca2-1f9250bd3174","2026-08-28","manual_review"
"LOS ANGELES POLICE PROTECTIVE LEAGUE PAC - SCC","b19e4deb-2eb0-48e7-aca2-1f9250bd3174","2026-08-28","manual_review"
"LOS ANGELES POLICE PROTECTIVE LEAGUE PAC - SMALL CONTRIBUTOR COMMITTEE","b19e4deb-2eb0-48e7-aca2-1f9250bd3174","2026-08-28","manual_review"
"LOS ANGELES POLICE PROTECTIVE LEAGUE PAC SMALL CONTRIBUTOR COMMITTEE","b19e4deb-2eb0-48e7-aca2-1f9250bd3174","2026-08-28","manual_review"
"MARINER FINANCE LLC POLITICAL ACTION COMMITTEE","c216efc7-e84a-44d5-b8d3-8917f7e105b6","2026-08-28","manual_review"
"MARINER FINANCE LLC POLITICAL ACTION COMMITTEE (FEC ID#C00757823)","c216efc7-e84a-44d5-b8d3-8917f7e105b6","2026-08-28","manual_review"
"MARINER FINANCE LLC POLITICAL ACTION COMMITTEE (FED ID #C00757823)","c216efc7-e84a-44d5-b8d3-8917f7e105b6","2026-08-28","manual_review"
"MARINER FINANCE, LLC PAC (FED PAC ID #C00727823)","c216efc7-e84a-44d5-b8d3-8917f7e105b6","2026-08-28","manual_review"
"BUILDING A STRONGER FUTURE FOR CA PAC, SPONSORED BY WESTERN STATES REGIONAL COUNCIL OF CARPENTERS","ab32d3a9-7c0f-4971-8b54-33b2bf984afe","2026-08-28","manual_review"
"BUILDING A STRONGER FUTURE FOR CA PAC, SPONSORED BY WESTERN STATES REGIONAL COUNCIL OF CARPENTERS SMALL CONTRIBUTOR COMMITTEE","ab32d3a9-7c0f-4971-8b54-33b2bf984afe","2026-08-28","manual_review"
"BUILDING A STRONGER FUTURE FOR CALIFORNIA PAC","ab32d3a9-7c0f-4971-8b54-33b2bf984afe","2026-08-28","manual_review"
"BUILDING A STRONGER FUTURE FOR CALIFORNIA PAC, SPONSORED BY WESTERN STATE REGIONAL COUNCIL OF CARPENTERS SCC","ab32d3a9-7c0f-4971-8b54-33b2bf984afe","2026-08-28","manual_review"
"BUILDING A STRONGER FUTURE FOR CALIFORNIA PAC, SPONSORED BY WESTERN STATES REGIONAL COUNCIL OF CARPENTERS","ab32d3a9-7c0f-4971-8b54-33b2bf984afe","2026-08-28","manual_review"
"BUILDING A STRONGER FUTURE FOR CALIFORNIA PAC, SPONSORED BY WESTERN STATES REGIONAL COUNCIL OF CARPENTERS SCC","ab32d3a9-7c0f-4971-8b54-33b2bf984afe","2026-08-28","manual_review"
"BUILDING A STRONGER CALIFORNIA SPONSORED BY SOUTHWEST REGIONAL COUNCIL OF CARPENTERS SMALL CONTRIBUTOR COMMITTEE","0428d03d-492c-4428-8c34-8a72f7a25e58","2026-08-28","manual_review"
"BUILDING A STRONGER CALIFORNIA SPONSORED BY WESTERN STATES REGIONAL COUNCIL OF CARPENTERS","0428d03d-492c-4428-8c34-8a72f7a25e58","2026-08-28","manual_review"
"DART CONTAINER","60c2aa00-da49-4523-a75c-8c0ec7fbbd75","2026-08-28","manual_review"
"DART CONTAINER CORPORATION","60c2aa00-da49-4523-a75c-8c0ec7fbbd75","2026-08-28","manual_review"
"DAVITA KIDNEY CARE","2e58183c-cc36-4657-9c74-546146547fef","2026-08-28","manual_review"
"DAVITA, INC","2e58183c-cc36-4657-9c74-546146547fef","2026-08-28","manual_review"
"DAVITA, INC.","2e58183c-cc36-4657-9c74-546146547fef","2026-08-28","manual_review"
"DAVITA, INC.","2e58183c-cc36-4657-9c74-546146547fef","2026-08-28","manual_review"
"DAVITA, INC. INCLUDING AGGREGATED CONTRIBUTIONS","2e58183c-cc36-4657-9c74-546146547fef","2026-08-28","manual_review"
"RANSOM FOR ASSEMBLY 2026","8cd84a70-d6f4-401c-848b-5ca84dfb406b","2026-08-28","manual_review"
"RHODESIA RANSOM FOR STATE ASSEMBLY","8cd84a70-d6f4-401c-848b-5ca84dfb406b","2026-08-28","manual_review"
"GONZALEZ FOR ASSEMBLY 2026, MARK","c58f1761-457b-41d0-9c3a-42e70e225191","2026-08-28","manual_review"
"MARK GONZALEZ FOR ASSEMBLY 2026","c58f1761-457b-41d0-9c3a-42e70e225191","2026-08-28","manual_review"
"EVAN LOW FOR STATE CONTROLLER 2030","f33f24b6-fe59-46bf-a332-f7edb3d8452b","2026-08-28","manual_review"
"LOW FOR STATE CONTROLLER 2030","f33f24b6-fe59-46bf-a332-f7edb3d8452b","2026-08-28","manual_review"
"SMART JUSTICE AMERICA ACTION FUND (FEC ID# C00889832)","c0444419-12aa-408c-b253-038274f1c7d7","2026-08-28","manual_review"
"SMART JUSTICE AMERICA ACTION FUND (FEDERAL ID# C00889832)","c0444419-12aa-408c-b253-038274f1c7d7","2026-08-28","manual_review"
"CALIFORNIANS FOR RESPONSIBLE ARTIFICIAL INTELLIGENCE, SPONSORED BY ENCODE AI CORPORATION","82a5421e-d4e3-4f62-8d94-85dbeebc8e0f","2026-08-28","manual_review"
"CALIFORNIANS FOR RESPONSIBLE ARTIFICIAL INTELLIGENCE, SPONSORED BY ENCODE ARTIFICIAL INTELLIGENCE CORPORATION","82a5421e-d4e3-4f62-8d94-85dbeebc8e0f","2026-08-28","manual_review"
"CONSUMERS AGAINST GREED PAC","2b35720b-5970-4ed1-8777-f83e6603868a","2026-08-28","manual_review"
"CONSUMERS AGAINST GREED PAC (CAG PAC)","2b35720b-5970-4ed1-8777-f83e6603868a","2026-08-28","manual_review"
"MODERN INFRASTRUCTURE ALLIANCE PAC SPONSORED BY PROLOGIS","a54d5935-65c4-4f21-a10a-d2ca765a0927","2026-08-28","manual_review"
"MODERN INFRASTRUCTURE ALLIANCE PAC, SPONSORED BY PROLOGIS","a54d5935-65c4-4f21-a10a-d2ca765a0927","2026-08-28","manual_review"
"DISNEY WORLDWIDE SERVICE INC.","728ae24f-57f0-4735-91e7-59fe1828796b","2026-08-28","manual_review"
"DISNEY WORLDWIDE SERVICES, INC","728ae24f-57f0-4735-91e7-59fe1828796b","2026-08-28","manual_review"
"DISNEY WORLDWIDE SERVICES, INC.","728ae24f-57f0-4735-91e7-59fe1828796b","2026-08-28","manual_review"
"E & J GALLO WINERY","9c10ce6c-4298-44a0-8db2-520d7dd8bfe6","2026-08-28","manual_review"
"E&J GALLO WINERY INC.","9c10ce6c-4298-44a0-8db2-520d7dd8bfe6","2026-08-28","manual_review"
"E. & J. GALLO WINERY","9c10ce6c-4298-44a0-8db2-520d7dd8bfe6","2026-08-28","manual_review"
"CA STATE PIPE TRADES COUNCIL PAC","45b25f2f-acfc-44f3-9cec-df8a18e6eb2a","2026-08-28","manual_review"
"CALIFORNIA STATE PIPE TRADES COUNCIL","45b25f2f-acfc-44f3-9cec-df8a18e6eb2a","2026-08-28","manual_review"
"CALIFORNIA STATE PIPE TRADES COUNCIL OF THE UNITED ASSOCIATION PAC SMALL CONTRIBUTOR COMMITTEE","45b25f2f-acfc-44f3-9cec-df8a18e6eb2a","2026-08-28","manual_review"
"CALIFORNIA STATE PIPE TRADES COUNCIL OF THE UNITED ASSOCIATION POLITICAL ACTION FUND","45b25f2f-acfc-44f3-9cec-df8a18e6eb2a","2026-08-28","manual_review"
"CALIFORNIA STATE PIPE TRADES COUNCIL PAC","45b25f2f-acfc-44f3-9cec-df8a18e6eb2a","2026-08-28","manual_review"
"CALIFORNIA STATE PIPE TRADES COUNCIL PAC SMALL CONTRIBUTOR COMMITTEE","45b25f2f-acfc-44f3-9cec-df8a18e6eb2a","2026-08-28","manual_review"
"CALIFORNIA STATE PIPE TRADES COUNCIL POLITICAL ACTION COMMITTEE","45b25f2f-acfc-44f3-9cec-df8a18e6eb2a","2026-08-28","manual_review"
"CALIFORNIA STATE PIPE TRADES COUNCIL POLITICAL ACTION FUND","45b25f2f-acfc-44f3-9cec-df8a18e6eb2a","2026-08-28","manual_review"
"EAST WEST BANK","52c184de-d01d-44c4-9784-20d44177ccbb","2026-08-28","manual_review"
"EAST WEST BANK AND E-W SERVICES, INC.","52c184de-d01d-44c4-9784-20d44177ccbb","2026-08-28","manual_review"
"SOUTHERN CALIFORNIA GRADING, INC.","1c33b990-53e7-4ed1-ac4a-f9bd8c2d67f5","2026-08-28","manual_review"
"EISAI, INC","84959b8d-da21-4c94-81ba-596d548de852","2026-08-28","manual_review"
"EISAI, INC.","84959b8d-da21-4c94-81ba-596d548de852","2026-08-28","manual_review"
"21ST CENTURY ALLIANCE","97c884cc-5637-40f1-9ab9-508ac1a463df","2026-08-28","manual_review"
"21ST CENTURY ALLIANCE GOOD GOVERNMENT PAC","97c884cc-5637-40f1-9ab9-508ac1a463df","2026-08-28","manual_review"
"FOX CORPORATE SERVICES","da90130c-4617-4e37-ab3b-e37e709353f3","2026-08-28","manual_review"
"FOX CORPORATION","da90130c-4617-4e37-ab3b-e37e709353f3","2026-08-28","manual_review"
"CALIFORNIA APARTMENT ASSOCIATION INDEPENDENT EXPENDITURE COMMITTEE","6cdc0b1b-348b-4859-a4ff-753ae4b4cdd0","2026-08-28","manual_review"
"CALIFORNIA APARTMENT ASSOCIATION PAC","6cdc0b1b-348b-4859-a4ff-753ae4b4cdd0","2026-08-28","manual_review"
"CALIFORNIA APARTMENT ASSOCIATION PAC (ALL-PURPOSE ACCOUNT)","6cdc0b1b-348b-4859-a4ff-753ae4b4cdd0","2026-08-28","manual_review"
"CALIFORNIA APARTMENT ASSOCIATION POLITICAL ACTION COMMITTEE","6cdc0b1b-348b-4859-a4ff-753ae4b4cdd0","2026-08-28","manual_review"
"CALIFORNIA APARTMENT ASSOCIATION POLITICAL ACTION COMMITTTEE","6cdc0b1b-348b-4859-a4ff-753ae4b4cdd0","2026-08-28","manual_review"
"GEICO","3bf69dac-d7fa-4c7a-b436-2a7fee11e9ca","2026-08-28","manual_review"
"GOVERNMENT EMPLOYEES INSURANCE CO. (GEICO)","3bf69dac-d7fa-4c7a-b436-2a7fee11e9ca","2026-08-28","manual_review"
"CALIFORNIA OPTOMETRIC PAC","af1ce7a4-700c-493d-a06c-a3d131c2b44e","2026-08-28","manual_review"
"CALIFORNIA OPTOMETRIC PAC (AKA CAL-OPAC)","af1ce7a4-700c-493d-a06c-a3d131c2b44e","2026-08-28","manual_review"
"CALIFORNIA OPTOMETRIC PAC (CAL-OPAC)","af1ce7a4-700c-493d-a06c-a3d131c2b44e","2026-08-28","manual_review"
"CALIFORNIA BROADBAND & VIDEO ASSOCIATION (CALBROADBAND) PAC","2a035fd2-f81d-4a8b-aecf-31e9a0dc0544","2026-08-28","manual_review"
"CALIFORNIA BROADBAND & VIDEO ASSOCIATION CALBROADBAND PAC","2a035fd2-f81d-4a8b-aecf-31e9a0dc0544","2026-08-28","manual_review"
"GREENBERG TRAURIG LLP","f4d6205c-74be-4225-a4b5-7555a6e7722c","2026-08-28","manual_review"
"GREENBERGTRAURIG","f4d6205c-74be-4225-a4b5-7555a6e7722c","2026-08-28","manual_review"
"HABEMATOLEL POMO OF UPPER LAKE","0fa67dc1-4d7a-453a-93de-69b4e5430bae","2026-08-28","manual_review"
"HABEMATOLEL POMO OF UPPER LAKE (HPUL)","0fa67dc1-4d7a-453a-93de-69b4e5430bae","2026-08-28","manual_review"
"HABEMATOLEL POMO OF UPPER LAKE (HPUL) PROJECT OPERATIONS","0fa67dc1-4d7a-453a-93de-69b4e5430bae","2026-08-28","manual_review"
"HABEMATOLEL POMO OF UPPER LAKE TEO","0fa67dc1-4d7a-453a-93de-69b4e5430bae","2026-08-28","manual_review"
"HABEMATOLEL POMO UPPER LAKE","0fa67dc1-4d7a-453a-93de-69b4e5430bae","2026-08-28","manual_review"
"HABERMATOLEL POMO OF UPPER LAKE","0fa67dc1-4d7a-453a-93de-69b4e5430bae","2026-08-28","manual_review"
"HALL AMBULANCE SERVICE, INC","9be201cb-5be1-4d2e-b37d-9ca8966f2b2a","2026-08-28","manual_review"
"HALL AMBULANCE SERVICE, INC.","9be201cb-5be1-4d2e-b37d-9ca8966f2b2a","2026-08-28","manual_review"
"HNTB CORPORATION","2c59fe0e-ba26-456c-ba38-b6d88b24ad2a","2026-08-28","manual_review"
"HNTB HOLDING LTD. PAC","2c59fe0e-ba26-456c-ba38-b6d88b24ad2a","2026-08-28","manual_review"
"HNTB HOLDINGS LTD PAC (FEC ID#C0038629)","2c59fe0e-ba26-456c-ba38-b6d88b24ad2a","2026-08-28","manual_review"
"HOLISTIC ALTERNATIVE RECOVERY TRUST INC","4ba9cc2d-20c6-403b-b91e-86151aae1bac","2026-08-28","manual_review"
"HOLISTIC ALTERNATIVE RECOVERY TRUST INC.","4ba9cc2d-20c6-403b-b91e-86151aae1bac","2026-08-28","manual_review"
"HOLISTIC ALTERNATIVE RECOVERY TRUST, INC","4ba9cc2d-20c6-403b-b91e-86151aae1bac","2026-08-28","manual_review"
"HOLISTIC ALTERNATIVE RECOVERY TRUST, INC.","4ba9cc2d-20c6-403b-b91e-86151aae1bac","2026-08-28","manual_review"
"F3 CREDIT UNION","ebad7d95-ced2-4c1d-b179-c5c66858ca41","2026-08-28","manual_review"
"CA CREDIT UNION","09255f82-2348-437f-8f3a-002a49ca9f39","2026-08-28","manual_review"
"CALIFORNIA CREDIT UNION","09255f82-2348-437f-8f3a-002a49ca9f39","2026-08-28","manual_review"
"CAHP CREDIT UNION","694a9d9f-d6d0-432d-95ef-6063f83e018b","2026-08-28","manual_review"
"CALIFORNIA CREDIT UNION LEAGUE (CCUL ADMIN)","fe54faa9-1d46-4c96-8fc1-bfd68a665271","2026-08-28","manual_review"
"CA CREDIT UNION LEAGUE PAC","fe54faa9-1d46-4c96-8fc1-bfd68a665271","2026-08-28","manual_review"
"CALIFORNIA CREDIT UNION LEAGUE PAC","fe54faa9-1d46-4c96-8fc1-bfd68a665271","2026-08-28","manual_review"
"CALIFORNIA CREDIT UNION LEAGUE PAC INDEPENDENT EXPENDITURE ACCOUNT","fe54faa9-1d46-4c96-8fc1-bfd68a665271","2026-08-28","manual_review"
"CALIFORNIA CREDIT UNION LEAGUE POLITICAL ACTION COMMITTEE","fe54faa9-1d46-4c96-8fc1-bfd68a665271","2026-08-28","manual_review"
"CALIFORNIA'S CREDIT UNIONS LEAGUE PAC, SPONSORED BY CALIFORNIA CREDIT UNION LEAGUE","fe54faa9-1d46-4c96-8fc1-bfd68a665271","2026-08-28","manual_review"
"CALIFORNIA'S CREDIT UNIONS POLITICAL ACTION COMMITTEE SPONSORED BY CALIFORNIA CREDIT UNION LEAGUE","fe54faa9-1d46-4c96-8fc1-bfd68a665271","2026-08-28","manual_review"
"CALIFORNIA'S CREDIT UNIONS POLITICAL ACTION COMMITTEE, SPONSORED BY CALIFORNIA CREDIT UNION LEAGUE","fe54faa9-1d46-4c96-8fc1-bfd68a665271","2026-08-28","manual_review"
"CALIFORNIA MANUFACTURERS & TECHNOLOGY ASSOCIATION PAC","e0f24eff-3a70-42db-b2b4-a51ac17ef01d","2026-08-28","manual_review"
"CALIFORNIA MANUFACTURERS & TECHNOLOGY ASSOCIATION POLITICAL ACTION COMMITTEE","e0f24eff-3a70-42db-b2b4-a51ac17ef01d","2026-08-28","manual_review"
"IN-N-OUT BURGER","a0a6cbd2-cf82-4bb4-887e-138b6a674ae8","2026-08-28","manual_review"
"IN-N-OUT BURGERS","a0a6cbd2-cf82-4bb4-887e-138b6a674ae8","2026-08-28","manual_review"
"SOUTHERN CA PIPE TRADES DISTRICT COUNCIL #16","0100889d-c16d-4250-b060-778f1533631d","2026-08-28","manual_review"
"SOUTHERN CALIFORNIA PIPE TRADES DISTRICT COUNCIL #16 PAC","0100889d-c16d-4250-b060-778f1533631d","2026-08-28","manual_review"
"SOUTHERN CALIFORNIA PIPE TRADES DISTRICT COUNCIL #16 POLITICAL ACTION COMMITTEE","0100889d-c16d-4250-b060-778f1533631d","2026-08-28","manual_review"
"SOUTHERN CALIFORNIA PIPE TRADES DISTRICT COUNCIL NO. 16","0100889d-c16d-4250-b060-778f1533631d","2026-08-28","manual_review"
"SOUTHERN CALIFORNIA PIPE TRADES DISTRICT COUNCIL NO. 16 PAC SMALL CONTRIBUTOR COMMITTEE","0100889d-c16d-4250-b060-778f1533631d","2026-08-28","manual_review"
"SOUTHERN CALIFORNIA PIPE TRADES DISTRICT COUNCIL NO. 16 POLITICAL ACTION COMMITTEE","0100889d-c16d-4250-b060-778f1533631d","2026-08-28","manual_review"
"SOUTHERN CALIFORNIA PIPE TRADES DISTRICT COUNCIL NO.16","0100889d-c16d-4250-b060-778f1533631d","2026-08-28","manual_review"
"IRVINE COMPANY","6532e86a-25c6-4c9e-b1f3-683132f4d142","2026-08-28","manual_review"
"IRVINE MANAGEMENT COMPANY","6532e86a-25c6-4c9e-b1f3-683132f4d142","2026-08-28","manual_review"
"IRVINE MANAGEMENT COMPANY, DBA IRVINE COMPANY","6532e86a-25c6-4c9e-b1f3-683132f4d142","2026-08-28","manual_review"
"CALIFORNIA HOTEL & LODGING ASSOCIATION PAC","002ec236-5bc0-4d9f-afcb-f816c094bf3f","2026-08-28","manual_review"
"CALIFORNIA HOTEL PAC, SPONSORED BY CALIFORNIA HOTEL & LODGING ASSOCIATION PAC","002ec236-5bc0-4d9f-afcb-f816c094bf3f","2026-08-28","manual_review"
"CALIFORNIA HOTEL PAC, SPONSORED BY CALIFORNIA HOTEL + LODGING ASSOCIATION","002ec236-5bc0-4d9f-afcb-f816c094bf3f","2026-08-28","manual_review"
"JAMUL INDIAN VILLAGE","f152e0b8-412b-4110-98a1-f9da18a634a5","2026-08-28","manual_review"
"JAMUL INDIAN VILLAGE OF CALIFORNIA","f152e0b8-412b-4110-98a1-f9da18a634a5","2026-08-28","manual_review"
"JOHNSON & JOHNSON","109e7c79-b08c-4d2a-bbe9-fed9e7b3f6e4","2026-08-28","manual_review"
"JOHNSON & JOHNSON CORPORATE POLITICAL FUND","109e7c79-b08c-4d2a-bbe9-fed9e7b3f6e4","2026-08-28","manual_review"
"JOHNSON AND JOHNSON CORPORATE POLITICAL FUND","109e7c79-b08c-4d2a-bbe9-fed9e7b3f6e4","2026-08-28","manual_review"
"CALIFORNIA CATTLEMEN'S ASSOC. PAC","7afbd0d8-1ee3-4af3-b1fc-f4bf4384d91f","2026-08-28","manual_review"
"CALIFORNIA CATTLEMEN'S ASSOCIATION","7afbd0d8-1ee3-4af3-b1fc-f4bf4384d91f","2026-08-28","manual_review"
"CALIFORNIA CATTLEMEN'S ASSOCIATION PAC (CATTLE-PAC)","7afbd0d8-1ee3-4af3-b1fc-f4bf4384d91f","2026-08-28","manual_review"
"GREATER ANESTHESIA SERVICE & PAC","f64c15ef-f926-4030-966f-b9fd3a43bb99","2026-08-28","manual_review"
"GREATER ANESTHESIA SERVICE AND PAC","f64c15ef-f926-4030-966f-b9fd3a43bb99","2026-08-28","manual_review"
"GREATER ANESTHESIA SERVICE AND PAC SPONSORED BY CALIFORNIA SOCIETY OF ANESTHESIOLOGISTS","f64c15ef-f926-4030-966f-b9fd3a43bb99","2026-08-28","manual_review"
"GREATER ANESTHESIA SERVICE AND PAC, SPONSORED BY CALIFORNIA SOCIETY OF ANESTHESIOLOGISTS","f64c15ef-f926-4030-966f-b9fd3a43bb99","2026-08-28","manual_review"
"GREATER ANESTHESIA SERVICE AND POLITICAL ACTION COMMITTEE, SPONSORED BY CALIFORNIA SOCIETY OF ANESTHESIOLOGISTS","f64c15ef-f926-4030-966f-b9fd3a43bb99","2026-08-28","manual_review"
"CA FUELS & CONVENIENCE ALLIANCE PAC","f27dbcd8-95a4-4e29-8540-7d08beb5d9d1","2026-08-28","manual_review"
"CALIFORNIA FUELS & CONVENIENCE ALLIANCE","f27dbcd8-95a4-4e29-8540-7d08beb5d9d1","2026-08-28","manual_review"
"CALIFORNIA FUELS & CONVENIENCE ALLIANCE PAC","f27dbcd8-95a4-4e29-8540-7d08beb5d9d1","2026-08-28","manual_review"
"CALIFORNIA FUELS AND CONVENIENCE ALLIANCE PAC","f27dbcd8-95a4-4e29-8540-7d08beb5d9d1","2026-08-28","manual_review"
"LOS ANGELES TOURISM & CONVENTION BOARD","b2ceb63d-a099-4249-a3e0-d1fdd5e5b78d","2026-08-28","manual_review"
"LOS ANGELES TOURISM AND CONVENTION BOARD","b2ceb63d-a099-4249-a3e0-d1fdd5e5b78d","2026-08-28","manual_review"
"LUNDBECK INC","181da092-8b34-4b8f-81d4-3eb8b070ca0d","2026-08-28","manual_review"
"LUNDBECK INC.","181da092-8b34-4b8f-81d4-3eb8b070ca0d","2026-08-28","manual_review"
"MARATHON PETROLEUM CORPORATION AND ITS SUBSIDIARIES","e93eda0f-d038-4112-a270-8a8a86ee49e9","2026-08-28","manual_review"
"MARATHON PETROLEUM CORPORATION AND ITS SUBSIDIARIES/MPC INVESTMENT FUND, INC.","e93eda0f-d038-4112-a270-8a8a86ee49e9","2026-08-28","manual_review"
"MPC INVESTMENT FUND, INC./MARATHON PETROLEUM CORPORATION AND ITS SUBSIDIARIES","e93eda0f-d038-4112-a270-8a8a86ee49e9","2026-08-28","manual_review"
"MERCK & CO. INC","f8d0846c-e23d-496c-84e7-3c1e3762eeb3","2026-08-28","manual_review"
"MERCK & CO., INC.","f8d0846c-e23d-496c-84e7-3c1e3762eeb3","2026-08-28","manual_review"
"META HOUSING","b5f02de6-99b3-4b15-8122-4354a2c3032a","2026-08-28","manual_review"
"META HOUSING CORPORATION","b5f02de6-99b3-4b15-8122-4354a2c3032a","2026-08-28","manual_review"
"META PLATFORMS INC","19b7ef35-9eaa-44d5-973e-ff1db27a005f","2026-08-28","manual_review"
"META PLATFORMS INC.","19b7ef35-9eaa-44d5-973e-ff1db27a005f","2026-08-28","manual_review"
"META PLATFORMS, INC","19b7ef35-9eaa-44d5-973e-ff1db27a005f","2026-08-28","manual_review"
"META PLATFORMS, INC.","19b7ef35-9eaa-44d5-973e-ff1db27a005f","2026-08-28","manual_review"
"MOLSON COORS","fa0c462c-d01f-4dd5-aed5-8637904d0d57","2026-08-28","manual_review"
"MOLSON COORS BEVERAGE COMPANY","fa0c462c-d01f-4dd5-aed5-8637904d0d57","2026-08-28","manual_review"
"MOLSON COORS BEVERAGE COMPANY USA LLC(JUSTIN HYER)","fa0c462c-d01f-4dd5-aed5-8637904d0d57","2026-08-28","manual_review"
"MOTOR VEHICLE SOFTWARE CORP (MVSC)","b73537f7-d44a-42b1-8be2-a2eceefc84a2","2026-08-28","manual_review"
"MOTOR VEHICLE SOFTWARE CORPORATION DBA VITU","b73537f7-d44a-42b1-8be2-a2eceefc84a2","2026-08-28","manual_review"
"CALIFORNIA BEER & BEVERAGE DISTRIBUTORS COMMUNITY AFFAIRS","598ac5fe-9a73-4724-9ccd-7679664efe79","2026-08-28","manual_review"
"CALIFORNIA BEER & BEVERAGE DISTRIBUTORS COMMUNITY AFFAIRS FUND","598ac5fe-9a73-4724-9ccd-7679664efe79","2026-08-28","manual_review"
"NORTH STAR EMERGENCY SERVICES INC","6a024001-9a00-454b-81f2-6e239cb06ac9","2026-08-28","manual_review"
"NORTH STAR EMERGENCY SERVICES INC.","6a024001-9a00-454b-81f2-6e239cb06ac9","2026-08-28","manual_review"
"NOVARTIS","7b677107-8fcc-46d4-a09e-ccb5c3a5e964","2026-08-28","manual_review"
"NOVARTIS PHARMACEUTICALS CORPORATION","7b677107-8fcc-46d4-a09e-ccb5c3a5e964","2026-08-28","manual_review"
"NOVARTIS SERVICES INC","7b677107-8fcc-46d4-a09e-ccb5c3a5e964","2026-08-28","manual_review"
"NOVARTIS SERVICES INC.","7b677107-8fcc-46d4-a09e-ccb5c3a5e964","2026-08-28","manual_review"
"NOVO NORDISK, INC","dc59583c-0483-46df-8975-de5ee3a32470","2026-08-28","manual_review"
"NOVO NORDISK, INC.","dc59583c-0483-46df-8975-de5ee3a32470","2026-08-28","manual_review"
"CA VETERINARY MEDICAL ASSOC. PAC","c9d3db0c-58b6-4f1b-98eb-5ff221aa3f51","2026-08-28","manual_review"
"CALIFORNIA VETERINARY MEDICAL ASSOCIATION","c9d3db0c-58b6-4f1b-98eb-5ff221aa3f51","2026-08-28","manual_review"
"CALIFORNIA VETERINARY MEDICAL ASSOCIATION PAC","c9d3db0c-58b6-4f1b-98eb-5ff221aa3f51","2026-08-28","manual_review"
"CALIFORNIA VETERINARY MEDICAL ASSOCIATIONM PAC","c9d3db0c-58b6-4f1b-98eb-5ff221aa3f51","2026-08-28","manual_review"
"CONTRA COSTA VETERINARY MEDICAL ASSOCIATION, MARYANN JERVIS","ccb4e2bd-1392-409e-b091-b8f06534c129","2026-08-28","manual_review"
"OC JONES & SONS INC.","60bfdc40-a2fa-453d-997e-5a210001aa2a","2026-08-28","manual_review"
"OC JONES AND SONS INC","60bfdc40-a2fa-453d-997e-5a210001aa2a","2026-08-28","manual_review"
"OPORTUN INC","c17ca8f6-63b8-4b41-a72a-080db8861524","2026-08-28","manual_review"
"OPORTUN INC.","c17ca8f6-63b8-4b41-a72a-080db8861524","2026-08-28","manual_review"
"PACASO INC","a06d882a-cef2-4c4d-b6a9-07992edff9a3","2026-08-28","manual_review"
"PACASO INC.","a06d882a-cef2-4c4d-b6a9-07992edff9a3","2026-08-28","manual_review"
"PACIFIC GAS & ELECTRIC (PG&E) CORPORATION","ea50ed39-2a57-47be-a9de-fcb9aa6db4f2","2026-08-28","manual_review"
"PG & E CORPORATION","ea50ed39-2a57-47be-a9de-fcb9aa6db4f2","2026-08-28","manual_review"
"PG & E CORPORATION (RESTRICTED USE ACCOUNT)","ea50ed39-2a57-47be-a9de-fcb9aa6db4f2","2026-08-28","manual_review"
"PG&E","ea50ed39-2a57-47be-a9de-fcb9aa6db4f2","2026-08-28","manual_review"
"PG&E CORPORATION AND AFFILIATED ENTITIES","ea50ed39-2a57-47be-a9de-fcb9aa6db4f2","2026-08-28","manual_review"
"PACIFIC LIFE","92c27390-8dc2-4512-983a-0478bc433bb4","2026-08-28","manual_review"
"PACIFIC LIFE INSURANCE COMPANY","92c27390-8dc2-4512-983a-0478bc433bb4","2026-08-28","manual_review"
"PARAMOUNT","4c42c86b-8b9a-440a-9fb9-521f08427cf9","2026-08-28","manual_review"
"PARAMOUNT GLOBAL","4c42c86b-8b9a-440a-9fb9-521f08427cf9","2026-08-28","manual_review"
"PARAMOUNT GLOBAL AND AFFILIATES","4c42c86b-8b9a-440a-9fb9-521f08427cf9","2026-08-28","manual_review"
"PARAMOUNT PICTURES","4c42c86b-8b9a-440a-9fb9-521f08427cf9","2026-08-28","manual_review"
"PARK WEST CASINOS, INC.","d2cca933-a432-454f-ac64-781773dc0ec4","2026-08-28","manual_review"
"PARKWEST CASINOS","d2cca933-a432-454f-ac64-781773dc0ec4","2026-08-28","manual_review"
"CA NURSES ASSOC. PAC (CNA-PAC) SCC","60141326-867a-478e-b854-7961990e66ed","2026-08-28","manual_review"
"CA NURSES ASSOCIATION PAC","60141326-867a-478e-b854-7961990e66ed","2026-08-28","manual_review"
"CALIFORNIA NURSES ASSOCIATION","60141326-867a-478e-b854-7961990e66ed","2026-08-28","manual_review"
"CALIFORNIA NURSES ASSOCIATION CNA PAC","60141326-867a-478e-b854-7961990e66ed","2026-08-28","manual_review"
"CALIFORNIA NURSES ASSOCIATION PAC (CNA-PAC)","60141326-867a-478e-b854-7961990e66ed","2026-08-28","manual_review"
"CALIFORNIA NURSES ASSOCIATION PAC (CNA-PAC) SMALL CONTRIBUTOR COMMITTEE","60141326-867a-478e-b854-7961990e66ed","2026-08-28","manual_review"
"CALIFORNIA NURSES ASSOCIATION PAC SCC","60141326-867a-478e-b854-7961990e66ed","2026-08-28","manual_review"
"CALIFORNIA NURSES ASSOCIATION PAC SMALL CONTRIBUTOR COMMITTEE","60141326-867a-478e-b854-7961990e66ed","2026-08-28","manual_review"
"CALIFORNIA NURSES ASSOCIATION POLITICAL ACTION COMMITTEE","60141326-867a-478e-b854-7961990e66ed","2026-08-28","manual_review"
"CALIFORNIA NURSES ASSOCIATION POLITICAL ACTION COMMITTEE (CNA-PAC)","60141326-867a-478e-b854-7961990e66ed","2026-08-28","manual_review"
"PBF HOLDING COMPANY LLC","628ba349-b65d-45a7-93ce-5ed676746f39","2026-08-28","manual_review"
"PBF HOLDING COMPANY, LLC","628ba349-b65d-45a7-93ce-5ed676746f39","2026-08-28","manual_review"
"PBF HOLDING COMPANY LLC(ARTHUR WARDEN III)","628ba349-b65d-45a7-93ce-5ed676746f39","2026-08-28","manual_review"
"PBF HOLDING COMPANY LLC(BETSY BRIEN)","628ba349-b65d-45a7-93ce-5ed676746f39","2026-08-28","manual_review"
"PEPSICO INC.","069b4587-ae27-4d5d-b860-7c4bd69439a9","2026-08-28","manual_review"
"PEPSICO. INC.","069b4587-ae27-4d5d-b860-7c4bd69439a9","2026-08-28","manual_review"
"PCMA PHARMACEUTICAL CARE MANAGEMENT ASSOCIATION (FEC ID#C00388819)","91a2ca5a-2680-4a12-b9e8-f7de94e23037","2026-08-28","manual_review"
"PHARMACEUTICAL CARE MANAGEMENT ASSOCIATION","91a2ca5a-2680-4a12-b9e8-f7de94e23037","2026-08-28","manual_review"
"ALTRIA CLIENT SERVICES, LLC","98a1b148-eaa6-4e62-b8dd-fcf2c751806f","2026-08-28","manual_review"
"ALTRIA CLIENT SERVICES, LLC(JOEL S. AURORA)","98a1b148-eaa6-4e62-b8dd-fcf2c751806f","2026-08-28","manual_review"
"PHILIP MORRIS USA INC., & IT'S AFFILIATES","98a1b148-eaa6-4e62-b8dd-fcf2c751806f","2026-08-28","manual_review"
"PHILIP MORRIS USA INC., AND ITS AFFILIATES","98a1b148-eaa6-4e62-b8dd-fcf2c751806f","2026-08-28","manual_review"
"PHILIP MORRIS USA, INC. AND ITS AFFILIATES/ ALTRIA CLIENT SERVICES, LLC","98a1b148-eaa6-4e62-b8dd-fcf2c751806f","2026-08-28","manual_review"
"PMI US CORPORATE INC. AND AFFILIATES","6ea2378c-fc0f-420b-b29c-d6f72d5489ea","2026-08-28","manual_review"
"PMI US CORPORATE SERVICES INC. AND AFFILIATES(TOM HAYES)","6ea2378c-fc0f-420b-b29c-d6f72d5489ea","2026-08-28","manual_review"
"PMI US CORPORATE SERVICES, INC.","6ea2378c-fc0f-420b-b29c-d6f72d5489ea","2026-08-28","manual_review"
"PMI US CORPORATE SERVICES, INC. AND AFFILIATES/SWEDISH MATCH NORTH AMERICA, LLC","6ea2378c-fc0f-420b-b29c-d6f72d5489ea","2026-08-28","manual_review"
"SWEDISH MATCH NORTH AMERICA, LLC/ PMI US CORPORATE SERVICES, INC. AND AFFILIATES","6ea2378c-fc0f-420b-b29c-d6f72d5489ea","2026-08-28","manual_review"
"PICAYUNE RACHERIA OF THE CHUKCHANSI INDIANS","86b11544-3ade-476a-99ff-8704d3c39dec","2026-08-28","manual_review"
"PICAYUNE RANCHERIA OF THE CHUKCHANSI INDIANS","86b11544-3ade-476a-99ff-8704d3c39dec","2026-08-28","manual_review"
"CA ASSN OF HEALTH FACILITIES (CAHF)","0bb01fd2-55ed-4e79-b236-411307c60626","2026-08-28","manual_review"
"CALIFORNIA ASSN OF HEALTH FACILITIES PAC","0bb01fd2-55ed-4e79-b236-411307c60626","2026-08-28","manual_review"
"CALIFORNIA ASSOCIATION OF HEALTH FACILITIES (CAHF)","0bb01fd2-55ed-4e79-b236-411307c60626","2026-08-28","manual_review"
"CALIFORNIA ASSOCIATION OF HEALTH FACILITIES (CAHF)  PAC","0bb01fd2-55ed-4e79-b236-411307c60626","2026-08-28","manual_review"
"CALIFORNIA ASSOCIATION OF HEALTH FACILITIES PAC","0bb01fd2-55ed-4e79-b236-411307c60626","2026-08-28","manual_review"
"CALIFORNIA ASSOCIATION OF HEALTH FACILITIES POLITICAL ACTION COMMITTEE","0bb01fd2-55ed-4e79-b236-411307c60626","2026-08-28","manual_review"
"PROVIDENCE ADMINISTRATIVE CONSULTING SERVICES, INC","0b2f05bc-b191-4634-b336-dd1441a1c14b","2026-08-28","manual_review"
"PROVIDENCE ADMINISTRATIVE CONSULTING SERVICES, INC.","0b2f05bc-b191-4634-b336-dd1441a1c14b","2026-08-28","manual_review"
"PURSUE  HEALTH LLC(ZACHARY LARSON)","2bd3963a-b0d5-4f2c-887f-de1c2828cae3","2026-08-28","manual_review"
"PURSUE HEALTH LLC(ZACHARY LARSON)","2bd3963a-b0d5-4f2c-887f-de1c2828cae3","2026-08-28","manual_review"
"GENERAL MOTORS COMPANY","0d824ace-b7d7-4f94-a224-5364c3e917d4","2026-08-28","manual_review"
"GENERAL MOTORS COMPANY PAC (FEC ID# C00076810)","0d824ace-b7d7-4f94-a224-5364c3e917d4","2026-08-28","manual_review"
"GENERAL MOTORS COMPANY PAC (GM PAC) (FED PAC ID #C00076810)","0d824ace-b7d7-4f94-a224-5364c3e917d4","2026-08-28","manual_review"
"GENERAL MOTORS COMPANY PAC (GM PAC) (FED PAC ID C00076810)","0d824ace-b7d7-4f94-a224-5364c3e917d4","2026-08-28","manual_review"
"GENERAL MOTORS COMPANY POLITICAL ACTION COMMITTEE","0d824ace-b7d7-4f94-a224-5364c3e917d4","2026-08-28","manual_review"
"GENERAL MOTORS COMPANY POLITICAL ACTION COMMITTEE (FED PAC ID C00076810)","0d824ace-b7d7-4f94-a224-5364c3e917d4","2026-08-28","manual_review"
"RIVERSIDE SHERIFFS' ASSOCIATION","48d0c59b-734a-42e2-af57-cf8d130dfe38","2026-08-28","manual_review"
"RIVERSIDE SHERIFFS' ASSOCIATION PUBLIC EDUCATION FUND","48d0c59b-734a-42e2-af57-cf8d130dfe38","2026-08-28","manual_review"
"CA HOSPITAL ASSOCIATION PAC","0559bd46-49a9-49c5-b01e-86edc5259159","2026-08-28","manual_review"
"CALIFORNIA HOSPITAL ASSOC. PAC","0559bd46-49a9-49c5-b01e-86edc5259159","2026-08-28","manual_review"
"CALIFORNIA HOSPITAL ASSOCIATION PAC SPONSORED BY CA ASSOCIATION OF HOSPITALS & HEALTH SYSTEMS (CAHHS)","0559bd46-49a9-49c5-b01e-86edc5259159","2026-08-28","manual_review"
"CALIFORNIA HOSPITAL ASSOCIATION PAC SPONSORED BY CA ASSOCIATION OF HOSPITALS AND HEALTH SYSTEM (CAHHS)","0559bd46-49a9-49c5-b01e-86edc5259159","2026-08-28","manual_review"
"CALIFORNIA HOSPITAL ASSOCIATION PAC SPONSORED BY CAHHS","0559bd46-49a9-49c5-b01e-86edc5259159","2026-08-28","manual_review"
"CALIFORNIA HOSPITAL ASSOCIATION PAC, SPONSORED BY CA ASSN OF HOSPITALS & HEALTH SYSTEMS (CAHHS)","0559bd46-49a9-49c5-b01e-86edc5259159","2026-08-28","manual_review"
"CALIFORNIA HOSPITAL ASSOCIATION PAC, SPONSORED BY CA ASSOCIATION OF HOSPITALS & HEALTH SYSTEM (CAHHS)","0559bd46-49a9-49c5-b01e-86edc5259159","2026-08-28","manual_review"
"CALIFORNIA HOSPITAL ASSOCIATION PAC, SPONSORED BY CA ASSOCIATION OF HOSPITALS & HEALTH SYSTEMS (CAHHS)","0559bd46-49a9-49c5-b01e-86edc5259159","2026-08-28","manual_review"
"CALIFORNIA HOSPITAL ASSOCIATION PAC, SPONSORED BY CA ASSOCIATION OF HOSPITALS AND HEALTH SYSTEMS (CAHHS)","0559bd46-49a9-49c5-b01e-86edc5259159","2026-08-28","manual_review"
"CALIFORNIA HOSPITAL ASSOCIATION PAC, SPONSORED BY CAHHS","0559bd46-49a9-49c5-b01e-86edc5259159","2026-08-28","manual_review"
"CALIFORNIA HOSPITAL ASSOCIATION PAC, SPONSORED BY CALIFORNIA ASSOCIATION OF HOSPITALS & HEALTH SYSTEMS (CAHHS)","0559bd46-49a9-49c5-b01e-86edc5259159","2026-08-28","manual_review"
"SAN FRANCISCO BAR PILOTS","cd0b678c-64f6-47c8-aab9-bdfc310fe82e","2026-08-28","manual_review"
"SAN FRANCISCO BAR PILOTS PAC","cd0b678c-64f6-47c8-aab9-bdfc310fe82e","2026-08-28","manual_review"
"CALIFORNIA FRESH FRUIT ASSOCIATION","2b488803-52c2-4764-976f-c48aec1aec71","2026-08-28","manual_review"
"CALIFORNIA FRESH FRUIT ASSOCIATION PAC","2b488803-52c2-4764-976f-c48aec1aec71","2026-08-28","manual_review"
"CALIFORNIA FRESH FRUIT ASSOCIATION POLITICAL ACTION COMMITTEE","2b488803-52c2-4764-976f-c48aec1aec71","2026-08-28","manual_review"
"SCHOONOVER PARK INC","20a555a0-b87f-4874-b7f8-1983890aaaf6","2026-08-28","manual_review"
"SCHOONOVER PARK INC.","20a555a0-b87f-4874-b7f8-1983890aaaf6","2026-08-28","manual_review"
"SERVICE CORPORATION INTERNATIONAL","fa9672e8-29f2-4123-ac91-1f4e1bb39821","2026-08-28","manual_review"
"SERVICE CORPORATION INTERNATIONAL PAC (FEC ID#C00173096)","fa9672e8-29f2-4123-ac91-1f4e1bb39821","2026-08-28","manual_review"
"CA FEDERATION OF  TEACHERS COPE","fbf0d247-e846-45d4-8fbe-eb79e6cd0240","2026-08-28","manual_review"
"CALIFORNIA FEDERATION OF TEACHERS COPE","fbf0d247-e846-45d4-8fbe-eb79e6cd0240","2026-08-28","manual_review"
"CALIFORNIA FEDERATION OF TEACHERS COPE SMALL CONTRIBUTOR COMMITTEE","fbf0d247-e846-45d4-8fbe-eb79e6cd0240","2026-08-28","manual_review"
"MENDOCINO COLLEGE FEDERATION OF TEACHERS (UNITEMIZED MEMBER CONTRIBUTIONS)","ee3c2905-7afa-47f9-9296-24815ed405ee","2026-08-28","manual_review"
"YUBA COLLEGE FEDERATION OF TEACHERS (UNITEMIZED MEMBER CONTRIBUTIONS)","2b8aa468-d239-4cd6-b9c5-05bc549ed183","2026-08-28","manual_review"
"CALIFORNIA ASSOCIATION OF MARRIAGE & FAMILY THERAPISTS","60aeb49d-968e-4b58-96d6-82e4eea0abf6","2026-08-28","manual_review"
"CALIFORNIA ASSOCIATION OF MARRIAGE & FAMILY THERAPISTS PAC","60aeb49d-968e-4b58-96d6-82e4eea0abf6","2026-08-28","manual_review"
"CALIFORNIA ASSOCIATION OF MARRIAGE AND FAMILY THERAPISTS PAC","60aeb49d-968e-4b58-96d6-82e4eea0abf6","2026-08-28","manual_review"
"SOUTHERN GLAZER'S WINE & SPIRITS, LLC","f5ae6ef5-97b2-485b-b7f6-d6a19b2d330d","2026-08-28","manual_review"
"SOUTHERN GLAZER'S WINE AND SPIRITS, LLC","f5ae6ef5-97b2-485b-b7f6-d6a19b2d330d","2026-08-28","manual_review"
"SOUTHERN GLAZERS WINE AND SPIRITS, LLC","f5ae6ef5-97b2-485b-b7f6-d6a19b2d330d","2026-08-28","manual_review"
"CA ASSOCIATION OF HIGHWAY PATROLMEN PAC","cbd8a4e2-3ecc-4591-8091-e68ac2d814e9","2026-08-28","manual_review"
"CALIFORNIA ASSOCIATION OF HIGHWAY PATROLMEN","cbd8a4e2-3ecc-4591-8091-e68ac2d814e9","2026-08-28","manual_review"
"CALIFORNIA ASSOCIATION OF HIGHWAY PATROLMEN","cbd8a4e2-3ecc-4591-8091-e68ac2d814e9","2026-08-28","manual_review"
"CALIFORNIA ASSOCIATION OF HIGHWAY PATROLMEN PAC","cbd8a4e2-3ecc-4591-8091-e68ac2d814e9","2026-08-28","manual_review"
"CALIFORNIA ASSOCIATION OF HIGHWAY PATROLMEN PAC SMALL CONTRIBUTOR COMMITTEE","cbd8a4e2-3ecc-4591-8091-e68ac2d814e9","2026-08-28","manual_review"
"PEACE OFFICERS RESEARCH ASSN OF CA PAC (PORAC)","0c889868-aa76-45c8-ba7b-69cf00c88431","2026-08-28","manual_review"
"PEACE OFFICERS RESEARCH ASSOCIATION OF CALIFORNIA PAC (PORAC PAC)","0c889868-aa76-45c8-ba7b-69cf00c88431","2026-08-28","manual_review"
"PEACE OFFICERS RESEARCH ASSOCIATION OF CALIFORNIA PAC (PORAC PAC) SMALL CONTRIBUTOR COMMITTEE","0c889868-aa76-45c8-ba7b-69cf00c88431","2026-08-28","manual_review"
"PEACE OFFICERS RESEARCH ASSOCIATION OF CALIFORNIA PAC (PORAC PAC))","0c889868-aa76-45c8-ba7b-69cf00c88431","2026-08-28","manual_review"
"PEACE OFFICERS RESEARCH ASSOCIATION OF CALIFORNIA POLITICAL ACTION COMMITTEE (PORAC PAC)","0c889868-aa76-45c8-ba7b-69cf00c88431","2026-08-28","manual_review"
"SUNKIST GROWERS, INC.","0e49642e-35e2-414b-93ed-63d05f42fd55","2026-08-28","manual_review"
"SUNKIST POLITICAL ACTION COMMITTEE","0e49642e-35e2-414b-93ed-63d05f42fd55","2026-08-28","manual_review"
"CALIFORNIA ASSOCIATION OF NURSE ANESTHESIOLOGY PAC","b02edd19-428f-4b8f-a504-7157dd30a628","2026-08-28","manual_review"
"CALIFORNIA ASSOCIATION OF NURSE ANESTHETISTS PAC","b02edd19-428f-4b8f-a504-7157dd30a628","2026-08-28","manual_review"
"TAKEDA PHARMACEUTICALS AMERICA, INC.","f98932de-07b7-47d7-bd92-fd2806c317fd","2026-08-28","manual_review"
"TAKEDA PHARMACEUTICALS USA, INC.","f98932de-07b7-47d7-bd92-fd2806c317fd","2026-08-28","manual_review"
"TAKEDA PHARMACEUTICALS AMERICA INC.","f98932de-07b7-47d7-bd92-fd2806c317fd","2026-08-28","manual_review"
"TAKEDA PHARMACEUTICALS USA","f98932de-07b7-47d7-bd92-fd2806c317fd","2026-08-28","manual_review"
"PROFESSIONAL ENGINEERS IN CA GOV'T (PECG-PAC)","02b7993e-710b-467c-bd5a-6d9070b2a3f8","2026-08-28","manual_review"
"PROFESSIONAL ENGINEERS IN CA GOVERNMENT","02b7993e-710b-467c-bd5a-6d9070b2a3f8","2026-08-28","manual_review"
"PROFESSIONAL ENGINEERS IN CALIFORNIA GOVERNMENT","02b7993e-710b-467c-bd5a-6d9070b2a3f8","2026-08-28","manual_review"
"PROFESSIONAL ENGINEERS IN CALIFORNIA GOVERNMENT (PECG PAC) - SMALL CONTRIBUTOR COMMITTEE","02b7993e-710b-467c-bd5a-6d9070b2a3f8","2026-08-28","manual_review"
"PROFESSIONAL ENGINEERS IN CALIFORNIA GOVERNMENT (PECG PAC) SMALL CONTRIBUTOR COMMITTEE","02b7993e-710b-467c-bd5a-6d9070b2a3f8","2026-08-28","manual_review"
"PROFESSIONAL ENGINEERS IN CALIFORNIA GOVERNMENT (PECG) PAC SMALL CONTRIBUTOR COMMITTEE","02b7993e-710b-467c-bd5a-6d9070b2a3f8","2026-08-28","manual_review"
"PROFESSIONAL ENGINEERS IN CALIFORNIA GOVERNMENT PAC","02b7993e-710b-467c-bd5a-6d9070b2a3f8","2026-08-28","manual_review"
"PROFESSIONAL ENGINEERS IN CALIFORNIA GOVERNMENT PAC (PECG PAC) SMALL CONTRIBUTOR COMMITTEE","02b7993e-710b-467c-bd5a-6d9070b2a3f8","2026-08-28","manual_review"
"PROFESSIONAL ENGINEERS IN CALIFORNIA GOVERNMENT PAC (PECG) SMALL CONTRIBUTOR COMMITTEE","02b7993e-710b-467c-bd5a-6d9070b2a3f8","2026-08-28","manual_review"
"PROFESSIONAL ENGINEERS IN CALIFORNIA GOVERNMENT PAC SMALL CONTRIBUTOR COMMITTEE","02b7993e-710b-467c-bd5a-6d9070b2a3f8","2026-08-28","manual_review"
"PROFESSIONAL ENGINEERS IN CALIFORNIA GOVERNMENT PECG PAC","02b7993e-710b-467c-bd5a-6d9070b2a3f8","2026-08-28","manual_review"
"PROFESSIONAL ENGINEERS IN CALIFORNIA GOVERNMENT PECG PAC SMALL CONTRIBUTOR COMMITTEE","02b7993e-710b-467c-bd5a-6d9070b2a3f8","2026-08-28","manual_review"
"PROFESSIONAL ENGINEERS IN CALIFORNIA PAC","02b7993e-710b-467c-bd5a-6d9070b2a3f8","2026-08-28","manual_review"
"THOMPSON'S TOYOTA OF PLACERVILLE","e3cd6604-089b-4866-adfa-5f5f531dc826","2026-08-28","manual_review"
"THOMPSONS TOYOTA OF PLACERVILLE","e3cd6604-089b-4866-adfa-5f5f531dc826","2026-08-28","manual_review"
"SAN BERNARDINO COUNTY SHERIFF'S COUNTY EMPLOYEES BENEFIT ASSOCIATION PAC","9a7a3510-7efd-4ef8-9e57-c3ca9cc5e2aa","2026-08-28","manual_review"
"SAN BERNARDINO COUNTY SHERIFF'S COUNTY EMPLOYEES' BENEFIT ASSOCIATION PAC","9a7a3510-7efd-4ef8-9e57-c3ca9cc5e2aa","2026-08-28","manual_review"
"SAN BERNARDINO COUNTY SHERIFF'S EMPLOYEES' BENEFIT ASSOCIATION PAC","9a7a3510-7efd-4ef8-9e57-c3ca9cc5e2aa","2026-08-28","manual_review"
"AMERICAN AIRLINES","027aa0da-a502-43ba-9bfc-6405ad7796b9","2026-08-28","manual_review"
"AMERICAN AIRLINES INC. POLITICAL ACTION COMMITTEE ('AAPAC') (FED PAC ID# C00107300)","027aa0da-a502-43ba-9bfc-6405ad7796b9","2026-08-28","manual_review"
"AMERICAN AIRLINES POLITICAL ACTION COMMITTEE","027aa0da-a502-43ba-9bfc-6405ad7796b9","2026-08-28","manual_review"
"AMERICAN PROPERTY CASUALTY INSURANCE ASSOCIATION CALIFORNIA PAC","d00c7157-b247-4c10-a404-a3aecd6b9ab3","2026-08-28","manual_review"
"AMERICAN PROPERTY CASUALTY INSURANCE ASSOCIATION CALIFORNIA PAC (MPO)","d00c7157-b247-4c10-a404-a3aecd6b9ab3","2026-08-28","manual_review"
"AMERICAN PROPERTY CASUALTY INSURANCE ASSOCIATION CALIFORNIA POLITICAL ACTION COMMITTEE (MPO)","d00c7157-b247-4c10-a404-a3aecd6b9ab3","2026-08-28","manual_review"
"AMERICAN PROPERTY CASUALTY INSURANCE ASSOCIATION OF AMERICA CALIFORNIA POLITICAL ACTION COMMITTEE 'MPO'","d00c7157-b247-4c10-a404-a3aecd6b9ab3","2026-08-28","manual_review"
"AMERICAN PROPERTY CASUALTY INSURANCE ASSOCIATION OF AMERICA CALIFORNIA POLITICAL ACTION COMMITTEE MPO","d00c7157-b247-4c10-a404-a3aecd6b9ab3","2026-08-28","manual_review"
"AMERICAN PROPERTY CASUALTY INSURANCE ASSOCIATION OF AMERICAN CALIFORNIA PAC MPO","d00c7157-b247-4c10-a404-a3aecd6b9ab3","2026-08-28","manual_review"
"TURO INC","995ca5e6-65e8-47c2-abc0-3e4ea583fcde","2026-08-28","manual_review"
"TURO INC.","995ca5e6-65e8-47c2-abc0-3e4ea583fcde","2026-08-28","manual_review"
"UAW LOCAL 230","98fa7802-9896-4f9a-935e-0b1d30674514","2026-08-28","manual_review"
"UAW LOCAL 2865","3a576274-d3bf-4dee-8e24-5698222dc371","2026-08-28","manual_review"
"UAW LOCAL 4123","732fbb49-e4ef-47bf-a5ca-76b78abca939","2026-08-28","manual_review"
"UAW LOCAL 4811","484eac76-ca06-4d93-8ba7-79c440653592","2026-08-28","manual_review"
"UAW LOCAL 5810","60393ff2-6958-46bc-b5e4-9fcbe90443ec","2026-08-28","manual_review"
"UAW REGION 6 (INTERMEDIARY FOR UNITEMIZED MEMBER DUES)","d61c5b20-fa48-40bd-bd0c-08b015d636f2","2026-08-28","manual_review"
"CA TEACHERS ASSN/ASSN FOR BETTER CITIZENSHIP","d0854243-1d1c-4b96-96da-5fbcc16a6e5c","2026-08-28","manual_review"
"CALIFORNIA TEACHERS ASSN. ASSN. FOR BETTER CITIZENSHIP","d0854243-1d1c-4b96-96da-5fbcc16a6e5c","2026-08-28","manual_review"
"CALIFORNIA TEACHERS ASSOCIATION","d0854243-1d1c-4b96-96da-5fbcc16a6e5c","2026-08-28","manual_review"
"CALIFORNIA TEACHERS ASSOCIATION - ASSOCIATION FOR BETTER CITIZENSHIP","d0854243-1d1c-4b96-96da-5fbcc16a6e5c","2026-08-28","manual_review"
"CALIFORNIA TEACHERS ASSOCIATION ASSOCIATION FOR BETTER CITIZENSHIP","d0854243-1d1c-4b96-96da-5fbcc16a6e5c","2026-08-28","manual_review"
"CALIFORNIA TEACHERS ASSOCIATION/ASSOCIATION FOR BETTER CITIZENSHIP","d0854243-1d1c-4b96-96da-5fbcc16a6e5c","2026-08-28","manual_review"
"CALIFORNIA TEACHERS ASSOCIATION/ASSOCIATION FOR BETTER CITIZENSHIP SMALL CONTRIBUTOR COMMITTEE","d0854243-1d1c-4b96-96da-5fbcc16a6e5c","2026-08-28","manual_review"
"CALIFORNIA CITRUS MUTUAL","334debbd-9b62-4c3a-90f2-2430cbcbf96d","2026-08-28","manual_review"
"CALIFORNIA CITRUS MUTUAL PAC","334debbd-9b62-4c3a-90f2-2430cbcbf96d","2026-08-28","manual_review"
"CALIFORNIA CITRUS MUTUAL POLITICAL ACTION COMMITTEE","334debbd-9b62-4c3a-90f2-2430cbcbf96d","2026-08-28","manual_review"
"AMERICAN FURNITURE GALLERY, INC","70138380-d1ac-41c6-ab43-31960ccb1a41","2026-08-28","manual_review"
"AMERICAN FURNITURE GALLERY, INC.","70138380-d1ac-41c6-ab43-31960ccb1a41","2026-08-28","manual_review"
"UNION PACIFIC RAILROAD COMPANY","a7a6bd8f-6a77-4645-b1c7-350dedc136b1","2026-08-28","manual_review"
"UP RAILROAD COMPANY","a7a6bd8f-6a77-4645-b1c7-350dedc136b1","2026-08-28","manual_review"
"UNITED","3715f4e6-9d56-47d6-9ede-21e465ba49eb","2026-08-28","manual_review"
"UNITED AIRLINES, INC.","3715f4e6-9d56-47d6-9ede-21e465ba49eb","2026-08-28","manual_review"
"UNITED AUBURN INDIAN COMMUNITY OF AUBURN RANCHERIA","55c48dde-8d11-4c3d-ad4b-693d592444e7","2026-08-28","manual_review"
"UNITED AUBURN INDIAN COMMUNITY OF THE AUBURN RANCHERIA","55c48dde-8d11-4c3d-ad4b-693d592444e7","2026-08-28","manual_review"
"UNITED SERVICES AUTOMOBILE ASSOCIATION (USAA)","43aaf61b-e67c-4689-8ae6-46088a7cf2ed","2026-08-28","manual_review"
"USAA","43aaf61b-e67c-4689-8ae6-46088a7cf2ed","2026-08-28","manual_review"
"VASQUEZ & COMPANY LLP","272de676-5b43-48d5-bf23-ee452f7cf0f1","2026-08-28","manual_review"
"VASQUEZ + COMPANY LLP","272de676-5b43-48d5-bf23-ee452f7cf0f1","2026-08-28","manual_review"
"VIEJAS BAND OF KUMEYAAY INDIANS","4a0f3285-f2a9-40f3-8977-4c2fcc0eec9c","2026-08-28","manual_review"
"VIEJAS BAND OF THE KUMEYAAY INDIANS","4a0f3285-f2a9-40f3-8977-4c2fcc0eec9c","2026-08-28","manual_review"
"DISTRICT COUNCIL OF IRON WORKERS OF THE STATE OF CALIFORNIA & VICINITY","dc462cf9-47ed-474a-92be-0efb4560684b","2026-08-28","manual_review"
"DISTRICT COUNCIL OF IRON WORKERS OF THE STATE OF CALIFORNIA AND VICINITY PAC SMALL CONTRIBUTOR COMMITTEE","dc462cf9-47ed-474a-92be-0efb4560684b","2026-08-28","manual_review"
"VSP VISION","5d76f7a1-2117-4f5e-acf3-796cf5084260","2026-08-28","manual_review"
"VSP VISION CARE","5d76f7a1-2117-4f5e-acf3-796cf5084260","2026-08-28","manual_review"
"WAL-MART STORES, INC","52a5c10d-2e53-400b-84c5-923c565903e0","2026-08-28","manual_review"
"WALMART INC.","52a5c10d-2e53-400b-84c5-923c565903e0","2026-08-28","manual_review"
"CALIFORNIA ATTORNEYS, ADMINISTRATIVE LAW JUDGES & HEARING OFFICERS IN STATE EMPLOYMENT PAC AKA CASE PAC","c0728509-e7fc-4c02-8b32-c487c1ac3bef","2026-08-28","manual_review"
"CALIFORNIA ATTORNEYS, ADMINISTRATIVE LAW JUDGES AND HEARING OFFICERS IN STATE EMPLOYMENT PAC AKA CASE PAC","c0728509-e7fc-4c02-8b32-c487c1ac3bef","2026-08-28","manual_review"
"CALIFORNIA ATTORNEYS, ADMINISTRATIVE LAW JUDGES, AND HEARING OFFICERS IN STATE EMPLOYMENT AKA CASE PAC","c0728509-e7fc-4c02-8b32-c487c1ac3bef","2026-08-28","manual_review"
"WEST COAST UNIVERSITY INC","0dbf242a-a8eb-4d86-b6c7-e73b9688f0c9","2026-08-28","manual_review"
"WEST COAST UNIVERSITY INC.","0dbf242a-a8eb-4d86-b6c7-e73b9688f0c9","2026-08-28","manual_review"
"WEST COAST UNIVERSITY, INC","0dbf242a-a8eb-4d86-b6c7-e73b9688f0c9","2026-08-28","manual_review"
"WEST COAST UNIVERSITY, INC.","0dbf242a-a8eb-4d86-b6c7-e73b9688f0c9","2026-08-28","manual_review"
"WEST COAST UNIVERSITY, INC.","0dbf242a-a8eb-4d86-b6c7-e73b9688f0c9","2026-08-28","manual_review"
"WESTERN DENTAL SERVICES, INC","3d2b3e76-47c4-4f99-b594-507828c3b064","2026-08-28","manual_review"
"WESTERN DENTAL SERVICES, INC.","3d2b3e76-47c4-4f99-b594-507828c3b064","2026-08-28","manual_review"
"INTERNATIONAL LONGSHORE AND WAREHOUSE UNION (ILWU) POLITICAL ACTION FUND","1428b51f-d6e5-4cc1-8d2d-138bb0534732","2026-08-28","manual_review"
"INTERNATIONAL LONGSHORE AND WAREHOUSE UNION POLITICAL ACTION FUND","1428b51f-d6e5-4cc1-8d2d-138bb0534732","2026-08-28","manual_review"
"WESTERN UNITED DAIRIES","0e7bd782-af56-4b5b-b69c-846c6114c9aa","2026-08-28","manual_review"
"WESTERN UNITED DAIRIES PAC","0e7bd782-af56-4b5b-b69c-846c6114c9aa","2026-08-28","manual_review"
"WESTERN UNITED DAIRYMEN","0e7bd782-af56-4b5b-b69c-846c6114c9aa","2026-08-28","manual_review"
"YUM BRANDS, INC","a1ecbbb3-fad2-44e3-beaf-108d012ecd1e","2026-08-28","manual_review"
"YUM BRANDS, INC.","a1ecbbb3-fad2-44e3-beaf-108d012ecd1e","2026-08-28","manual_review"
"THE ZENITH INSURANCE COMPANY","1a800d6b-0839-4b93-b974-4d1499ad288c","2026-08-28","manual_review"
"ZENITH INSURANCE COMPANY","1a800d6b-0839-4b93-b974-4d1499ad288c","2026-08-28","manual_review"
"ZUFFA, LLC (IVETTE FERNANDEZ)","84ae0050-270f-47ce-8627-826d0281b98c","2026-08-28","manual_review"
"ZUFFA, LLC DBA UFC(IVETTE FERNANDEZ)","84ae0050-270f-47ce-8627-826d0281b98c","2026-08-28","manual_review"
"ZURICH AMERICAN  INSURANCE COMPANY","86849ae4-4c8b-4a7a-9847-264a294b2c0a","2026-08-28","manual_review"
"ZURICH AMERICAN INSURANCE COMPANY","86849ae4-4c8b-4a7a-9847-264a294b2c0a","2026-08-28","manual_review"
"EUREKA POLITICAL ACTION COMMITTEE","70d53c0f-d2dc-4f85-9667-1095fe0aabfa","2026-08-28","manual_review"
"EUREKA POLITICAL ACTION COMMITTEE (FED PAC ID #C00390161)","70d53c0f-d2dc-4f85-9667-1095fe0aabfa","2026-08-28","manual_review"
"LKQ CORPORATION EMPLOYEE GOOD GOVERNMENT FUND","624850e1-1ff1-4e7f-8c5f-6b4b72c4efa2","2026-08-28","manual_review"
"LKQ CORPORATION EMPLOYEE GOOD GOVERNMENT FUND (FEC ID #C00458158)","624850e1-1ff1-4e7f-8c5f-6b4b72c4efa2","2026-08-28","manual_review"
"AMAZON.COM SERVICES LLC","05b7278c-aded-43b6-a477-8414bfe50d14","2026-08-28","manual_review"
"AMAZON.COM SERVICES LLC (ANTHONY WILLIAMS)","05b7278c-aded-43b6-a477-8414bfe50d14","2026-08-28","manual_review"
"ATRIA MANAGEMENT COMPANY LLC","b945e2e2-f28a-49c7-a350-baccf1817c67","2026-08-28","manual_review"
"ATRIA MANAGEMENT COMPANY LLC (CHRIS CULLEN)","b945e2e2-f28a-49c7-a350-baccf1817c67","2026-08-28","manual_review"
"BERRY PETROLEUM COMPANY LLC","44d9549d-356c-4a42-8946-3c2d7412c52b","2026-08-28","manual_review"
"BERRY PETROLEUM COMPANY LLC(BETH MILLS)","44d9549d-356c-4a42-8946-3c2d7412c52b","2026-08-28","manual_review"
"BERRY PETROLEUM COMPANY LLC(FERNANDO ARAUJO)","44d9549d-356c-4a42-8946-3c2d7412c52b","2026-08-28","manual_review"
"BLUPEAK CREDIT UNION","3a8bd042-b452-4d91-86c8-27953ffad3c0","2026-08-28","manual_review"
"BLUPEAK CREDIT UNION (INDEP EXPENDITURE ACCOUNT)","3a8bd042-b452-4d91-86c8-27953ffad3c0","2026-08-28","manual_review"
"CAL TEX CATTLE CO, INC.","12fc97e8-1ce3-476b-aa4b-858f8dbb3cab","2026-08-28","manual_review"
"CAL TEX CATTLE CO, INC. (RESTRICTED USE ACCOUNT)","12fc97e8-1ce3-476b-aa4b-858f8dbb3cab","2026-08-28","manual_review"
"CALIFORNIA ASSOCIATION OF PEST CONTROL ADVISORS","168e3e0f-c23c-459e-bb04-42bb095a9803","2026-08-28","manual_review"
"CALIFORNIA ASSOCIATION OF PEST CONTROL ADVISORS (RESTRICTED USE ACCOUNT)","168e3e0f-c23c-459e-bb04-42bb095a9803","2026-08-28","manual_review"
"CHARTER COMMUNICATIONS OPERATING, LLC (KARA BUSH)","7a9e64c6-d61a-4bac-9f3b-1ac970518664","2026-08-28","manual_review"
"CHARTER COMMUNICATIONS OPERATING, LLC (KERI ASKEW BAILEY)","7a9e64c6-d61a-4bac-9f3b-1ac970518664","2026-08-28","manual_review"
"COALINGA FEED YARD, INC.","14828d9d-ce97-495a-a94c-f8657f080217","2026-08-28","manual_review"
"COALINGA FEED YARD, INC. (RESTRICTED USE ACCOUNT)","14828d9d-ce97-495a-a94c-f8657f080217","2026-08-28","manual_review"
"CONVERA","9beed2d6-b3bb-4441-a458-cd12e441f1eb","2026-08-28","manual_review"
"CONVERA (INDEPENDENT EXPENDITURE ACCOUNT)","9beed2d6-b3bb-4441-a458-cd12e441f1eb","2026-08-28","manual_review"
"DIMENSION ENERGY, LLC","a7dc48de-35be-4492-be12-a2923442f34b","2026-08-28","manual_review"
"DIMENSION ENERGY, LLC(SAM YOUNES)","a7dc48de-35be-4492-be12-a2923442f34b","2026-08-28","manual_review"
"EDWARDS LIFESCIENCES LLC","697cd253-78b5-42d3-b932-18e7cf636f3c","2026-08-28","manual_review"
"EDWARDS LIFESCIENCES LLC(BERNARD J ZORIGHIAN)","697cd253-78b5-42d3-b932-18e7cf636f3c","2026-08-28","manual_review"
"FOSTER FARMS","f471e9bc-75b2-422f-8cc2-a0e279163150","2026-08-28","manual_review"
"FOSTER POULTRY FARMS LLC","f471e9bc-75b2-422f-8cc2-a0e279163150","2026-08-28","manual_review"
"FOSTER POULTRY FARMS LLC (JAYSON PENN)","f471e9bc-75b2-422f-8cc2-a0e279163150","2026-08-28","manual_review"
"FOSTER POULTRY FARMS LLC(BILL MATTOS)","f471e9bc-75b2-422f-8cc2-a0e279163150","2026-08-28","manual_review"
"GOOGLE LLC AND AFFILIATED ENTITIES (ROBERT BIEDERMAN)","935b461b-d567-41e7-a9e5-d8c32f30d592","2026-08-28","manual_review"
"GOOGLE LLC AND AFFILIATED ENTITIES (WILLIAM FLOYD)","935b461b-d567-41e7-a9e5-d8c32f30d592","2026-08-28","manual_review"
"GOOGLE LLC AND AFFILIATED ENTITIES(BOB BIEDERMAN)","935b461b-d567-41e7-a9e5-d8c32f30d592","2026-08-28","manual_review"
"GOOGLE LLC AND ITS AFFILIATED ENTITIES(MARK ISAKOWITZ)","935b461b-d567-41e7-a9e5-d8c32f30d592","2026-08-28","manual_review"
"GOOGLE LLC AND ITS AFFILIATED ENTITIES(ROBERT BIEDERMAN)","935b461b-d567-41e7-a9e5-d8c32f30d592","2026-08-28","manual_review"
"GOOGLE LLC & AFFILIATED ENTITIES","935b461b-d567-41e7-a9e5-d8c32f30d592","2026-08-28","manual_review"
"GOOGLE LLC AND AFFILIATED ENTITIES","935b461b-d567-41e7-a9e5-d8c32f30d592","2026-08-28","manual_review"
"HANSEN RANCHES, LLC","e2e96ae4-b696-4f01-bb76-30fe776cd80c","2026-08-28","manual_review"
"HANSEN RANCHES, LLC (PHILLIP HANSEN)","e2e96ae4-b696-4f01-bb76-30fe776cd80c","2026-08-28","manual_review"
"HARBOR DISTRIBUTING, LLC (DAVID K. REYES)","f97fecf7-865e-4caf-b345-bc06731f39c1","2026-08-28","manual_review"
"HARBOR DISTRIBUTING, LLC (LARA DUNBAR)","f97fecf7-865e-4caf-b345-bc06731f39c1","2026-08-28","manual_review"
"HARBOR DISTRIBUTING, LLC(THOMAS A. REYES)","f97fecf7-865e-4caf-b345-bc06731f39c1","2026-08-28","manual_review"
"HARBOR DISTRIBUTING, LLC(DAVID K REYES)","f97fecf7-865e-4caf-b345-bc06731f39c1","2026-08-28","manual_review"
"HARBOR DISTRIBUTING, LLC(DAVID K. REYES)","f97fecf7-865e-4caf-b345-bc06731f39c1","2026-08-28","manual_review"
"INVENERGY LLC (MICHAEL POLSKY)","520edefa-72d3-4ab8-8d09-5a560fc50aee","2026-08-28","manual_review"
"INVENERGY LLC(KELLY SPEAKS-BACKMAN)","520edefa-72d3-4ab8-8d09-5a560fc50aee","2026-08-28","manual_review"
"LGI HOMES CALIFORNIA LLC (EVAN LICHT)(EVAN LICHT)","c1e669cd-c99d-4764-9888-ebfa0eaff75b","2026-08-28","manual_review"
"LGI HOMES CALIFORNIA LLC(EVAN LICHT)","c1e669cd-c99d-4764-9888-ebfa0eaff75b","2026-08-28","manual_review"
"NEXTERA ENERGY RESOURCES DEVELOPMENT, LLC","55f4fd42-a9b5-41d4-9394-b824db9d922a","2026-08-28","manual_review"
"NEXTERA ENERGY RESOURCES DEVELOPMENT, LLC(PEDRO VILLEGAS)","55f4fd42-a9b5-41d4-9394-b824db9d922a","2026-08-28","manual_review"
"NIAGARA BOTTLING, LLC","be88f0d9-97dc-4572-bf54-da591e70e707","2026-08-28","manual_review"
"NIAGARA BOTTLING, LLC (BRIAN HESS)","be88f0d9-97dc-4572-bf54-da591e70e707","2026-08-28","manual_review"
"NIAGARA BOTTLING, LLC(MAX ORTA)","be88f0d9-97dc-4572-bf54-da591e70e707","2026-08-28","manual_review"
"PACHAMAMA RESOURCES INC.","34c33d46-9918-45be-a21a-a9dda910470b","2026-08-28","manual_review"
"PACHAMAMA RESOURCES INC. (RESTRICTED USE ACCOUNT)","34c33d46-9918-45be-a21a-a9dda910470b","2026-08-28","manual_review"
"PRIMA WASTE MANAGEMENT, INC.","e013e1ab-f6d2-4add-88e3-dee8b7a98efc","2026-08-28","manual_review"
"PRIMA WASTE MANAGEMENT, INC. (FERNANDO VASQUEZ)","e013e1ab-f6d2-4add-88e3-dee8b7a98efc","2026-08-28","manual_review"
"PRIME THERAPEUTICS, LLC (ANTHONIO FIORE)","60cbe3cc-a415-4a5b-b917-c55f3b5fe363","2026-08-28","manual_review"
"PRIME THERAPEUTICS, LLC(ANTHONIO FIORE)","60cbe3cc-a415-4a5b-b917-c55f3b5fe363","2026-08-28","manual_review"
"SAN FRANCISCO FIRE CREDIT UNION","4d487f0c-fe2a-4292-bbec-44a64259c9fa","2026-08-28","manual_review"
"SAN FRANCISCO FIRE CREDIT UNION (INDEP EXPENDITURE ACCOUNT)","4d487f0c-fe2a-4292-bbec-44a64259c9fa","2026-08-28","manual_review"
"THE WONDERFUL COMPANY LLC","0bb73a70-9005-405b-ba80-6bfa2f092b17","2026-08-28","manual_review"
"THE WONDERFUL COMPANY LLC (STEWART A. RESNICK)","0bb73a70-9005-405b-ba80-6bfa2f092b17","2026-08-28","manual_review"
"ADVANCED NETWORK INC. (ANI)","00ad0bb0-23aa-4bed-9876-7b0543ade746","2026-08-28","manual_review"
"ADVANCED NETWORK, INC.","00ad0bb0-23aa-4bed-9876-7b0543ade746","2026-08-28","manual_review"
"AFFIRMED HOUSING GROUP","8fb714e0-1adc-469e-80d0-e431641344e1","2026-08-28","manual_review"
"AFFIRMED HOUSING GROUP INC.","8fb714e0-1adc-469e-80d0-e431641344e1","2026-08-28","manual_review"
"AL MALAIKAH AUDITORIUM CO","2165c2f5-6796-4526-9f00-556599bb1a15","2026-08-28","manual_review"
"AL MALAIKAH AUDITORIUM COMPANY","2165c2f5-6796-4526-9f00-556599bb1a15","2026-08-28","manual_review"
"ALPHA IN BAY, INC.","42f09977-d453-40b9-9110-328a397f2c68","2026-08-28","manual_review"
"ALPHA IN BAY, LLC","42f09977-d453-40b9-9110-328a397f2c68","2026-08-28","manual_review"
"AMERICAN ADVANCED MANAGEMENT INC.","fa282df5-427b-48c7-8164-acec5ea05ed3","2026-08-28","manual_review"
"AMERICAN ADVANCED MANAGEMENT, INC.","fa282df5-427b-48c7-8164-acec5ea05ed3","2026-08-28","manual_review"
"COMMON ENERGY","5156ff4e-fac6-4e8d-9455-20a2b08bf366","2026-08-28","manual_review"
"COMMON ENERGY LLC","5156ff4e-fac6-4e8d-9455-20a2b08bf366","2026-08-28","manual_review"
"CROWN REALTY PROPERTY MANAGEMENT","4174cd24-d3d2-4a33-8e47-80979ea5ad7f","2026-08-28","manual_review"
"CROWN REALTY PROPERTY MGMT","4174cd24-d3d2-4a33-8e47-80979ea5ad7f","2026-08-28","manual_review"
"FOWLER PACKING","79359c79-d846-47ea-879e-43d8bb2935cc","2026-08-28","manual_review"
"FOWLER PACKING COMPANY INC.","79359c79-d846-47ea-879e-43d8bb2935cc","2026-08-28","manual_review"
"FOWLER PACKING COMPANY, INC.","79359c79-d846-47ea-879e-43d8bb2935cc","2026-08-28","manual_review"
"KOOTH USA LLC (LAURA TULLY)","e04437af-1df2-4844-a440-cb67b560f4d4","2026-08-28","manual_review"
"KOOTH USA, LLC","e04437af-1df2-4844-a440-cb67b560f4d4","2026-08-28","manual_review"
"L.A. TAXI COOPERATIVE, INC. DBA YELLOW CAB","c5cff26b-86a7-463e-b936-3e90f80b01c8","2026-08-28","manual_review"
"L.A. TAXI COOPERATIVE, INC., DBA YELLOW CAB","c5cff26b-86a7-463e-b936-3e90f80b01c8","2026-08-28","manual_review"
"MCDONALD'S USA, LLC","2e0f297b-4626-4da0-8509-86d3458f2d8e","2026-08-28","manual_review"
"MCDONALD'S USA LLC, INCLUDING MCDONALD'S CORPORATION(LAUREN AGUILAR)","2e0f297b-4626-4da0-8509-86d3458f2d8e","2026-08-28","manual_review"
"MCDONALD'S USA, LLC INCLUDING MCDONALD'S CORPORATION","2e0f297b-4626-4da0-8509-86d3458f2d8e","2026-08-28","manual_review"
"MCDONALD'S USA, LLC(LAUREN AGUILAR)","2e0f297b-4626-4da0-8509-86d3458f2d8e","2026-08-28","manual_review"
"MERUELO ENTERPRISES INC. (ALEX MERUELO)","ba8ff2bf-8fbb-4eb8-b768-0ea14df630ed","2026-08-28","manual_review"
"MERUELO ENTERPRISES, INC.","ba8ff2bf-8fbb-4eb8-b768-0ea14df630ed","2026-08-28","manual_review"
"NRG ENERGY INC.","808e9cd8-aead-4674-bbec-f1429e70b8bf","2026-08-28","manual_review"
"NRG ENERGY, INC.","808e9cd8-aead-4674-bbec-f1429e70b8bf","2026-08-28","manual_review"
"PRIME DIRT INC.","aca39015-f09d-4bb7-b97d-5a2b44702c02","2026-08-28","manual_review"
"PRIME-DIRT","aca39015-f09d-4bb7-b97d-5a2b44702c02","2026-08-28","manual_review"
"PRIME-DIRT, INC.","aca39015-f09d-4bb7-b97d-5a2b44702c02","2026-08-28","manual_review"
"RAI SERVICES CO","d91acbd2-6f62-4315-828e-6ba037af0c7d","2026-08-28","manual_review"
"RAI SERVICES COMPANY","d91acbd2-6f62-4315-828e-6ba037af0c7d","2026-08-28","manual_review"
"R.J. REYNOLDS TOBACCO COMPANY AND ITS AFFILIATES","d91acbd2-6f62-4315-828e-6ba037af0c7d","2026-08-28","manual_review"
"RJ REYNOLDS TOBACCO COMPANY AND ITS AFFILIATES","d91acbd2-6f62-4315-828e-6ba037af0c7d","2026-08-28","manual_review"
"SIGHTGLASS MANAGEMENT","5bf22094-b017-4cbb-94a6-7a6cbce5c03d","2026-08-28","manual_review"
"SIGHTGLASS MANAGEMENT, INC.","5bf22094-b017-4cbb-94a6-7a6cbce5c03d","2026-08-28","manual_review"
"SIGNAL HILL PETROLEUM","7c064fc4-538e-4e1e-b6f8-ade6e9292053","2026-08-28","manual_review"
"SIGNAL HILL PETROLEUM INC.","7c064fc4-538e-4e1e-b6f8-ade6e9292053","2026-08-28","manual_review"
"SIGNAL HILL PETROLEUM, INC","7c064fc4-538e-4e1e-b6f8-ade6e9292053","2026-08-28","manual_review"
"SIGNAL HILL PETROLEUM, INC.","7c064fc4-538e-4e1e-b6f8-ade6e9292053","2026-08-28","manual_review"
"SOUTH CORD MANAGEMENT LLC (ELLIOT LEWIS)","c03ec4fa-ff93-4e65-a8c8-997e774faa68","2026-08-28","manual_review"
"SOUTH CORD MANAGEMENT, LLC","c03ec4fa-ff93-4e65-a8c8-997e774faa68","2026-08-28","manual_review"
"SUTTER EAST BAY MEDICAL GROUP","8afc2f75-e66e-49c4-907f-0d3da98e16d2","2026-08-28","manual_review"
"SUTTER EAST BAY MEDICAL GROUP INC.","8afc2f75-e66e-49c4-907f-0d3da98e16d2","2026-08-28","manual_review"
"SUTTER NORTH MEDICAL GROUP","12796ce3-0e6a-433a-9ee9-697c2a91c6c6","2026-08-28","manual_review"
"SUTTER NORTH MEDICAL GROUP INC.","12796ce3-0e6a-433a-9ee9-697c2a91c6c6","2026-08-28","manual_review"
"TAYLOR FRESH FOODS","fc5a410d-cf85-48d1-aa00-38add1273d47","2026-08-28","manual_review"
"TAYLOR FRESH FOODS, INC.","fc5a410d-cf85-48d1-aa00-38add1273d47","2026-08-28","manual_review"
"TRC OPERATING COMPANY","8d105f6f-9de0-4851-8262-e29103989a87","2026-08-28","manual_review"
"TRC OPERATING COMPANY INC.","8d105f6f-9de0-4851-8262-e29103989a87","2026-08-28","manual_review"
"US RENAL CARE INC","4aabcee0-2f9f-4643-8db7-7f7585f72adc","2026-08-28","manual_review"
"US RENAL CARE, INC.","4aabcee0-2f9f-4643-8db7-7f7585f72adc","2026-08-28","manual_review"
"SAN JOAQUIN RIVER RANCH LLC","b0e4d783-83b7-4add-abc7-60bfe61bf7b9","2026-08-28","manual_review"
"SAN JOAQUIN WEST RANCH","d52cee88-3240-4917-b6a8-ba89967e7e69","2026-08-28","manual_review"
"ACE DEVELOPMENT COMPANY LLC(ANDRES GLUSKI)","4c5bc4df-f268-4008-a5ae-59d884b0720e","2026-08-28","manual_review"
"OCEAN DEVELOPMENT, INC.","4968b8c2-449c-4580-bc58-49b6c47dacdd","2026-08-28","manual_review"
"PACIFIC COAST COMPANIES INC.","282026ec-3814-434d-af9f-cea5f84e20be","2026-08-28","manual_review"
"PACIFIC COAST COMPANIES, INC., PACIFIC COAST BUILDING PRODUCTS","282026ec-3814-434d-af9f-cea5f84e20be","2026-08-28","manual_review"
"DWO ENTERPRISES, INC.","cc1cd3fc-7c68-4ced-8063-dd8eef9b9b23","2026-08-28","manual_review"
"G3 ENTERPRISES","c6e9aa8c-0e72-41bb-a8f9-62a5b7911839","2026-08-28","manual_review"
"GBH ENTERPRISES, INC.","0b748ca1-f419-417e-b4b9-121f8f7d606d","2026-08-28","manual_review"
"J.G. ENTERPRISES","5935bf60-1905-479f-897e-4834adddc0bf","2026-08-28","manual_review"
"JAVA ENTERPRISES","d83d7b4c-d806-40dd-9747-f9ead6e77870","2026-08-28","manual_review"
"JFS ENTERPRISES","501b4411-2124-4483-aec5-8a0d2a9e96e9","2026-08-28","manual_review"
"MVK ENTERPRISES, INC.","50a50365-3ee9-4d94-a552-246e47234289","2026-08-28","manual_review"
"SY ENTERPRISES, INC.","f27cb701-b5f4-417c-abb7-4fd2abe8c808","2026-08-28","manual_review"
"VB ENTERPRISES *","ac440c62-e06a-4f1c-ab19-8705ab188e01","2026-08-28","manual_review"
"VOLK ENTERPRISES, INC.","393ca846-d6f3-466c-8d58-b0331f588a65","2026-08-28","manual_review"
"WOOLF ENTERPRISES","44b83464-3a73-4277-99e1-f2dde11756c2","2026-08-28","manual_review"
"SIERRA PACIFIC INDUSTRIES INC.","613755e7-c4ad-4d7a-a9dd-752ada51a5a1","2026-08-28","manual_review"
"SIERRA PACIFIC WEST INC.","e463c4cc-895b-4c00-abdf-37566535325c","2026-08-28","manual_review"
"MEDIC AMBULANCE SERVICE AND AFFILIATES","da6b9fd4-b3f5-473f-90f3-cc388246fde0","2026-08-28","manual_review"
"MEDIC AMBULANCE SERVICE INC.","da6b9fd4-b3f5-473f-90f3-cc388246fde0","2026-08-28","manual_review"
"D&N MANAGEMENT LLC (DOMINIC ASSALI)","40d0c37e-93bc-460a-bcb8-954ff07e01f7","2026-08-28","manual_review"
"NRD MANAGEMENT LLC (NATHAN DAVIT)","44923684-804c-4040-89bd-1bf59a1f24e4","2026-08-28","manual_review"
"VNR MANAGEMENT LLC(VIPUL DAYAL)","8dd8ca60-8156-4109-9360-c22a1d8af746","2026-08-28","manual_review"
"BSK & ASSOCIATES","f8041eff-888f-4f80-9804-748af0a2bceb","2026-08-28","manual_review"
"F3 & ASSOCIATES, INC.","476270b8-7a67-4ae2-b910-1327ce26da46","2026-08-28","manual_review"
"FPL AND ASSOCIATES, INC.","5d8b65e2-bb58-457e-84f5-38dd6092bc74","2026-08-28","manual_review"
"FRIEND & ASSOCIATES","8b58adba-ef3b-4234-83ad-5a47b9a0331d","2026-08-28","manual_review"
"GIBBS & ASSOCIATES","a8a2bb34-f129-4752-be35-310d13af2323","2026-08-28","manual_review"
"JULES AND ASSOCIATES, INC. (JULES BUENABENTA)","4e04c410-494b-4b7c-bf65-dd0489e27192","2026-08-28","manual_review"
"JV AND ASSOCIATIES, INC.","bd7b5290-82a0-4856-95c3-741c526b36aa","2026-08-28","manual_review"
"RK & ASSOCIATES INC.","1686ce53-2bf4-4cc6-9551-4785e7833a01","2026-08-28","manual_review"
"WNC & ASSOCIATES INC.","428ee4eb-ddb1-40e7-a9f2-262b0b01c2ab","2026-08-28","manual_review"
"YEH AND ASSOCIATES","d10c34e5-e986-49fe-9735-a4a80f8874ab","2026-08-28","manual_review"
"LSMA MANAGEMENT INC.","a899f7a4-25d1-4bf8-9571-19277248e57b","2026-08-28","manual_review"
"MAG MANAGEMENT, INC.","fa25d085-0d43-41e0-a59c-d605fc898489","2026-08-28","manual_review"
"MESA MANAGEMENT INC. AND AFFILIATED ENTITIES","47421b13-6bab-4def-8196-992394b9d34e","2026-08-28","manual_review"
"BC ENGINEERING GROUP, INC.","bd5e28c7-289a-420b-bc4e-cd6974ecb581","2026-08-28","manual_review"
"JACOBS ENGINEERING GROUP INC.","e59ffb1a-65a1-49a5-ad89-5f467a72ccb2","2026-08-28","manual_review"
"COLUSA INDIAN COMMUNITY COUNCIL","45b863c8-ca26-47ad-9573-10ca5b886037","2026-08-28","manual_review"
"COLUSA INDIAN COMMUNITY COUNCIL/CACHIL DEHE BAND OF WINTUN INDIANS","45b863c8-ca26-47ad-9573-10ca5b886037","2026-08-28","manual_review"
"PATTERN ENERGY GROUP LP","48d110d2-68e5-4f77-9cdb-b6f463806daa","2026-08-28","manual_review"
"PATTERN ENERGY GROUP SERVICES LP","48d110d2-68e5-4f77-9cdb-b6f463806daa","2026-08-28","manual_review"
"SOLAR ENERGY INDUSTRIES ASSOCIATION CALIFORNIA PAC","bbc5ca06-7ae6-4198-a478-6825323baf0d","2026-08-28","manual_review"
"SOLAR ENERGY INDUSTRIES ASSOCIATION, INC. CALIFORNIA PAC","bbc5ca06-7ae6-4198-a478-6825323baf0d","2026-08-28","manual_review"
"ASSN OF CALIFORNIA SCHOOL ADMINISTRATORS PAC","f6d8ad00-8aa4-47d4-a371-a5b23db82998","2026-08-28","manual_review"
"ASSOCIATION OF CA SCHOOL ADMINISTRATORS PAC","f6d8ad00-8aa4-47d4-a371-a5b23db82998","2026-08-28","manual_review"
"ASSOCIATION OF CALIFORNIA SCHOOL ADMINISTRATORS PAC","f6d8ad00-8aa4-47d4-a371-a5b23db82998","2026-08-28","manual_review"
"ASSOCIATION OF CALIFORNIA SCHOOL ADMINISTRATORS PAC SMALL CONTRIBUTOR COMMITTEE","f6d8ad00-8aa4-47d4-a371-a5b23db82998","2026-08-28","manual_review"
"ASSOCIATION OF CALIFORNIA SCHOOL ADMINISTRATORS POLITICAL ACTION COMMITTEE","f6d8ad00-8aa4-47d4-a371-a5b23db82998","2026-08-28","manual_review"
"REDWOOD EMPIRE CHAPTER CAMFT","12e03340-60b9-46f1-b66b-33c5c9478264","2026-08-28","manual_review"
"REDWOOD EMPIRE CHAPTER NECA","45561be2-39db-4bdc-8385-e5970fb96149","2026-08-28","manual_review"
"AMES CONSTRUCTION","2f0c4523-2767-4a57-91e6-26ebf39a0a6d","2026-08-28","manual_review"
"BUTTE CONSTRUCTION COMPANY","ed802b86-10d5-4aa9-b60c-4d58dcb28fa9","2026-08-28","manual_review"
"EVRA CONSTRUCTION","c25eb409-00a3-4870-9c16-d457327a2ff3","2026-08-28","manual_review"
"FARR CONSTRUCTION COMPANY","329fa21a-8ff0-4f88-8ed3-6b8d887e760b","2026-08-28","manual_review"
"GCI CONSTRUCTION, INC.","95212c8a-831a-4b37-9708-0304613d9daa","2026-08-28","manual_review"
"GS CONSTRUCTION, INC.","b369e8e8-eda1-425f-a64b-e9a3f8e7a86c","2026-08-28","manual_review"
"JHK CONSTRUCTION","65d8ddbb-ce38-41e3-b2d0-ff97a844d7d5","2026-08-28","manual_review"
"JMJ CONSTRUCTION","38235f17-61b6-4de9-944f-7ee47d7abcb6","2026-08-28","manual_review"
"K.A.R. CONSTRUCTION INC.","182432a0-c6f9-48f1-8367-8b6f3f0c5a33","2026-08-28","manual_review"
"MAI CONSTRUCTION","8e46bd14-0e55-49df-be69-6e3ab111d6c8","2026-08-28","manual_review"
"MS CONSTRUCTION","0d3a390a-ba5b-473c-ab70-9c47fa2987e2","2026-08-28","manual_review"
"PCL CONSTRUCTION INC","113c8a56-fed6-4d1f-a90a-cafefa6dd9f4","2026-08-28","manual_review"
"PCL CONSTRUCTION SERVICES, INC.","113c8a56-fed6-4d1f-a90a-cafefa6dd9f4","2026-08-28","manual_review"
"RAM CONSTRUCTION, INC.","a6a8a0bb-7247-4022-aa1c-3db5d8c0a77a","2026-08-28","manual_review"
"RAMINHA CONSTRUCTION","ce853bf5-29cf-4621-9b8d-b936a21a1f53","2026-08-28","manual_review"
"REM CONSTRUCTION INCORPORATED","9e3e4cd1-ff50-4a6f-8e2c-97e352fd9f56","2026-08-28","manual_review"
"RSH CONSTRUCTION, INC.","c9151043-b4d0-47a4-88bd-cb0bf84b6adc","2026-08-28","manual_review"
"S&H CONSTRUCTION, INC.","4837c6ba-f43e-492f-932f-ad8d41834127","2026-08-28","manual_review"
"SEALS CONSTRUCTION INC.","52ea091d-3e31-4f4f-ae0c-126c8835b197","2026-08-28","manual_review"
"T.D.W. CONSTRUCTION, INC.","b34b2856-6f1e-4a06-a691-6960c53de32f","2026-08-28","manual_review"
"TDH CONSTRUCTION INC.","cb1ba3b9-aa3d-4fc2-a7b4-69805504795e","2026-08-28","manual_review"
"TK CONSTRUCTION","5cdbf407-d3c5-49dd-b559-f829288bf108","2026-08-28","manual_review"
"TSE CONSTRUCTION","4e72bda9-0bcf-433e-b6c9-ae0c2f2aa7d1","2026-08-28","manual_review"
"TTS CONSTRUCTION CORP","10b156f4-699c-4dd4-9506-70dc7ead5840","2026-08-28","manual_review"
"TTS CONSTRUCTION CORPORATION","10b156f4-699c-4dd4-9506-70dc7ead5840","2026-08-28","manual_review"
"WARD CONSTRUCTION, INC.","2e498d14-85cd-4b0c-a10f-eb25af787142","2026-08-28","manual_review"
"AGL ENGINEERING, INC.","dd5177b0-9200-4e51-836a-2da549d68ddb","2026-08-28","manual_review"
"C2R ENGINEERING INC","e8196703-8de6-4126-8d89-c87657667ad2","2026-08-28","manual_review"
"CMAG ENGINEERING, INC.","53efbf9a-f9f8-4576-9a3f-8edf2736a871","2026-08-28","manual_review"
"DARCO ENGINEERING, INC.","5b99a92d-2071-4d60-855f-028b00b5d61e","2026-08-28","manual_review"
"FTF ENGINEERING, INC.","a2f7ea2b-9031-4f79-989f-141451c66f31","2026-08-28","manual_review"
"HP ENGINEERING INC.","5a001b9b-6b87-44ec-ba53-20638d1157d6","2026-08-28","manual_review"
"P2S ENGINEERING, INC.","5e55d5eb-7fd8-4060-83b9-04a2fce5738c","2026-08-28","manual_review"
"R&F ENGINEERING, INC.","650db3ca-c66c-4717-890d-b835e1e7b6f6","2026-08-28","manual_review"
"RGF ENGINEERING, INC.","e8170251-b02f-4c44-a41b-9ad2c0c24e8f","2026-08-28","manual_review"
"RK ENGINEERING, INC.","fc9b9755-ae28-4b83-9757-3add5e898451","2026-08-28","manual_review"
"SRK ENGINEERING, INC.","1444e165-2320-43fd-8d05-cc4d7f57f115","2026-08-28","manual_review"
"TSAC ENGINEERING","720e8069-02d5-4d57-bac8-a4b8e4ed6604","2026-08-28","manual_review"
"VST ENGINEERING INC.","1b2856fa-2d9f-48d8-87b9-fb5a766c4ec6","2026-08-28","manual_review"
"BAY ENGINEERING LLC(DANIEL CORNILSEN)","2507c2b4-5b65-422a-bedc-a33af2431ab7","2026-08-28","manual_review"
"BAY TECH ENGINEERING, INC.","baa3876e-db3d-4248-98f3-d83e626ce392","2026-08-28","manual_review"
"HENSEL PHELPS (RESTRICTED USE ACCOUNT)","e0726a24-f5fe-4443-a660-add0f0b10009","2026-08-28","manual_review"
"HENSEL PHELPS - RUA","e0726a24-f5fe-4443-a660-add0f0b10009","2026-08-28","manual_review"
"MERIDIAN GROWERS","1907a199-19ce-42e4-945e-781517d1340d","2026-08-28","manual_review"
"MERIDIAN NUT GROWERS","1907a199-19ce-42e4-945e-781517d1340d","2026-08-28","manual_review"
"Q METRICS, INC.","4bbb9260-4e30-4d88-9ad1-9645bbb686c7","2026-08-28","manual_review"
"QMETRICS INC.","4bbb9260-4e30-4d88-9ad1-9645bbb686c7","2026-08-28","manual_review"
"A AND A PROPERTY MANAGEMENT","e44888a5-56ea-4d3a-ae88-31c7994b50ad","2026-08-28","manual_review"
"A AND J PROPERTY MANAGERS","50dd66b0-06ef-41fb-82ec-47d2f2fd4108","2026-08-28","manual_review"
"ABACUS PROPERTY MANAGEMENT","ad5bb59a-53b2-4e51-bd8b-8d0185bf70c6","2026-08-28","manual_review"
"ACP PROPERTY MANAGEMENT COMPANY","f346ddd2-108e-4e05-a94a-033e599a9149","2026-08-28","manual_review"
"ALFORD PROPERTY MANAGEMENT","0c15bd98-6de7-4563-92d7-298a1e5b3389","2026-08-28","manual_review"
"ALL BAY PROPERTY MANAGEMENT CORP.","0de80c6e-301b-41d0-96a1-42bd92088b34","2026-08-28","manual_review"
"ALTA PROPERTY MANAGEMENT","dc516917-c798-4e08-a923-997297cfc50d","2026-08-28","manual_review"
"API PROPERTY MANAGEMENT","c0e8e4b8-61ea-4e03-a665-899fc90e7683","2026-08-28","manual_review"
"ARROYO PROPERTY MANAGEMENT INC.","5a263af0-0a6f-4bc3-b005-d601504af02f","2026-08-28","manual_review"
"B2RE PROPERTY MANAGEMENT","0574ff7a-a60b-43bd-92d9-38a56b4f3f1f","2026-08-28","manual_review"
"BERRO PROPERTY MANAGEMENT","37543b92-2c5a-4832-b2cb-668ed347d48e","2026-08-28","manual_review"
"BETTER PROPERTY MANAGEMENT","6a8c7f85-5f86-4464-bc9d-22f727efa92b","2026-08-28","manual_review"
"BRIGHT PROPERTY MANAGEMENT INC.","5649d31d-e64a-468e-84d4-d7a85e98c377","2026-08-28","manual_review"
"CAL PROPERTY MANAGEMENT, INC.","10dc00b7-c32e-465e-b51a-0b4bbd45f0bc","2026-08-28","manual_review"
"CAL-WESTERN PROPERTY MANAGEMENT","96e8b829-19ac-4788-a5f0-bcbfe21168e0","2026-08-28","manual_review"
"CM PROPERTY MANAGEMENT INC.","7497e6d6-eede-4d5c-9d73-fd1b33b023f5","2026-08-28","manual_review"
"DAKOTA PROPERTY MANAGEMENT, INC.","4bdc4e44-03cf-4850-a9f4-9fe74322f58e","2026-08-28","manual_review"
"E.E.N. PROPERTY MANAGEMENT INC.","f9429356-1c58-4bc2-9232-8add037047e2","2026-08-28","manual_review"
"ELLIS PROPERTY MANAGEMENT COMPANY (SCOTT ELLIS JR.)","85b6ccb7-8dd0-42db-bd3a-7de942377174","2026-08-28","manual_review"
"HCA PROPERTY MANAGEMENT, INC.","bdd9898f-d93d-4a8f-aedb-54fcd9d63e3c","2026-08-28","manual_review"
"HOMS PROPERTY MANAGEMENT LLC (MATT TOLLESTRUP)","0471a02b-f829-4adf-9748-7ee9bccad7c7","2026-08-28","manual_review"
"J AND R PROPERTY MANAGEMENT","c4f3ca1d-da93-4694-958d-ddd63e19b97d","2026-08-28","manual_review"
"JR AND K PROPERTY MGMT LLC (JOHN H. SEUNG)","32692d02-551e-4588-a478-84c97fa12554","2026-08-28","manual_review"
"JR AND K PROPERTY MGMT LLC * (JOHN H. SEUNG)","32692d02-551e-4588-a478-84c97fa12554","2026-08-28","manual_review"
"JD PROPERTY MANAGEMENT, INC.","cfdf719e-9946-4bac-bee0-ad51ec6a2bf7","2026-08-28","manual_review"
"JM PROPERTY MANAGEMENT","7781eff1-6757-4975-a2db-bd81c6943f4e","2026-08-28","manual_review"
"KAMAP PROPERTY MANAGEMENT","9c6931de-3bb9-44ef-85e4-8e6ac719078b","2026-08-28","manual_review"
"LANDLORD PROPERTY MANAGEMENT CO.","dc9b2e0f-68c8-43cc-9f8b-bdb8c22a727e","2026-08-28","manual_review"
"MBS PROPERTY MANAGEMENT, INC.","28f5b6e9-7e77-4656-b817-e021d6e4d48d","2026-08-28","manual_review"
"MCR PROPERTY MANAGEMENT","c21c77de-bcb3-49ae-86d6-4f32f61e0e5a","2026-08-28","manual_review"
"MNM PROPERTY MANAGEMENT, INC.","e457486e-5edb-4311-82db-7a260782b8d8","2026-08-28","manual_review"
"OLIVER PROPERTY MANAGEMENT","eec034e3-7dbb-4bfa-ac67-90820bac02f2","2026-08-28","manual_review"
"ONYX PROPERTY MANAGEMENT *","97095323-ba28-4469-92c3-f88804e0469f","2026-08-28","manual_review"
"PPC PROPERTY MANAGEMENT","f7e7752a-67c9-42c2-97e6-a6df06c13151","2026-08-28","manual_review"
"PRANDI PROPERTY MANAGEMENT","834ff253-a857-4288-8ca0-d6831ff58bcb","2026-08-28","manual_review"
"RCS PROPERTY MANAGEMENT","6aeed983-ca7f-40fb-8bec-fab4d15afb01","2026-08-28","manual_review"
"REG PROPERTY MANAGEMENT, INC.","05ff4145-d4b6-4f2b-92c7-10dd4b564eb6","2026-08-28","manual_review"
"REGENCY PROPERTY MANAGEMENT*","4bc8f59f-ad37-455b-8ef4-e9f0e202b0a7","2026-08-28","manual_review"
"REGENCY PROPERTY MANAGEMENT, INC.:COPPER BEACH FRESNO","4bc8f59f-ad37-455b-8ef4-e9f0e202b0a7","2026-08-28","manual_review"
"S AND L PROPERTY MANAGEMENT COMPANY LLC (ROBERT LINK)","ac27d7f6-7150-4732-b06d-aea428d35b4e","2026-08-28","manual_review"
"SUTRO PROPERTY MANAGEMENT, INC","5a09e700-6575-426a-81b6-48fd969a9358","2026-08-28","manual_review"
"THR PROPERTY MANAGEMENT, LP","06f4e22a-24ab-4273-aa36-cf5f4938e236","2026-08-28","manual_review"
"TRUE HAVEN PROPERTY MANAGEMENT","7d495a15-d717-476b-9239-b049964eea0c","2026-08-28","manual_review"
"UKIYO PROPERTY MANAGEMENT","a5322a78-3a87-4047-aae9-cae27aeddc43","2026-08-28","manual_review"
"UNIT E PROPERTY MANAGEMENT","ce8c5053-ee40-4ec6-95e0-f4dfb7edd176","2026-08-28","manual_review"
"WESTERN MANAGEMENT PROPERTIES, INC.","fc9bdc0e-234e-4470-8c6f-8b8c398b1475","2026-08-28","manual_review"
"WYMAN PROPERTY MANAGEMENT INC.","c44d2e8c-32c8-4f8c-b820-cb0baa93387d","2026-08-28","manual_review"
"TRUE PROPERTY MANAGEMENT","4238840a-600f-4b39-a908-0b91b027f62a","2026-08-28","manual_review"
"WESTERN PROPERTY MANAGEMENT","1e25dc21-cd2c-433f-9973-b4608c2dd95b","2026-08-28","manual_review"
"NEUROCRINE BIOSCIENCE","1a175454-549a-4fee-a7ab-a1f1c095356e","2026-08-28","manual_review"
"NEUROCRINE BIOSCIENCES INC.","1a175454-549a-4fee-a7ab-a1f1c095356e","2026-08-28","manual_review"
"RMV COMMUNITY DEVELOPMENT CO, INC.","d5e8ac4b-852c-4edf-9d7f-9017b088ac96","2026-08-28","manual_review"
"RMV COMMUNITY DEVELOPMENT COMPANY, INC. AND AFFILIATED ENTITIES","d5e8ac4b-852c-4edf-9d7f-9017b088ac96","2026-08-28","manual_review"
"RELATED COMPANIES OF CALIFORNIA LLC(BILL WITTE)","f6acdaf1-cc6b-4592-91a8-438b1fc4e894","2026-08-28","manual_review"
"THE RELATED COMPANIES OF CALIFORNIA LLC (BEN FAYDOCK)","f6acdaf1-cc6b-4592-91a8-438b1fc4e894","2026-08-28","manual_review"
"RPAC ALMOND HANDLER & PROCESSOR","4fd9d653-2a78-4f10-903b-fa335f96c56f","2026-08-28","manual_review"
"RPAC ALMOND HANDLERS & PROCESSORS","4fd9d653-2a78-4f10-903b-fa335f96c56f","2026-08-28","manual_review"
"BOEHRINGER INGELHEIM","5eb6d470-4b64-44c1-bf19-063e534f02d4","2026-08-28","manual_review"
"BOEHRINGER INGELHEIM PHARMACEUTICALS, INC USA","5eb6d470-4b64-44c1-bf19-063e534f02d4","2026-08-28","manual_review"
"BOEHRINGER INGELHEIM PHARMACEUTICALS, INC.","5eb6d470-4b64-44c1-bf19-063e534f02d4","2026-08-28","manual_review"
"CALIFORNIA ASSOCIATION FOR NURSE PRACTITIONERS - ORANGE COUNTY CHAPTER","4bd63753-6205-4f81-a73e-8b947a74b827","2026-08-28","manual_review"
"CALIFORNIA ASSOCIATION FOR NURSE PRACTITIONERS - SAN FRANCISCO BAY AREA","eae1daac-8d45-46ff-80cc-0c0b731495e7","2026-08-28","manual_review"
"EDUCATIONAL EMPLOYEES CREDIT UNION (INDEP EXPENDITURE ACCOUNT)","b3402af4-3ef8-40c6-9c66-03b01810f7eb","2026-08-28","manual_review"
"EDUCATIONAL EMPLOYEES CU","b3402af4-3ef8-40c6-9c66-03b01810f7eb","2026-08-28","manual_review"
"NAFTEX OPERATING COMPANY","5e3038c5-1693-4877-8442-6dc6a24046b6","2026-08-28","manual_review"
"NAFTEX OPERATING COMPANY, INC.","5e3038c5-1693-4877-8442-6dc6a24046b6","2026-08-28","manual_review"
"EMMERSON CONSTRUCTION INC.","6ef0d418-32f1-442a-9f6f-312cdcbedda0","2026-08-28","manual_review"
"MANSON CONSTRUCTION CO.","6f50605a-6529-48b2-aa9f-7ac1853bf737","2026-08-28","manual_review"
"SAARMAN CONSTRUCTION LTD","66e104b3-bfd4-424b-b533-0e2df6c2f0f6","2026-08-28","manual_review"
"TURMAN CONSTRUCTION CO","1b283663-891e-4b4c-8702-f962f7a494f9","2026-08-28","manual_review"
"REPUBLIC SERVICES INC. , AND AFFILIATED ENTITIES","5830aadd-4aa4-4518-908d-5434bb58749a","2026-08-28","manual_review"
"REPUBLIC SERVICES, INC.","5830aadd-4aa4-4518-908d-5434bb58749a","2026-08-28","manual_review"
"RANCH MOBILEHOME PARK","0b4c3fa7-b011-4197-ad7f-9a33d562c27f","2026-08-28","manual_review"
"RANCHO BENICIA MOBILEHOME PARK","812446a5-a9b5-4d0a-a63f-0a85ba69c285","2026-08-28","manual_review"
"RANCHO CHICO MOBILEHOME PARK","7dfaf249-f58a-46ac-932b-ca2f4e3e6641","2026-08-28","manual_review"
"RANCHO GRANADA MOBILEHOME PARK","8c07c1f9-e0d8-46eb-82b4-54ef478e5170","2026-08-28","manual_review"
"RANCHO SANTA TERESA MHP","7b2dd008-a851-45be-a291-7997b2b54e47","2026-08-28","manual_review"
"RANCHO SANTA TERESA MOBILEHOME PARK","7b2dd008-a851-45be-a291-7997b2b54e47","2026-08-28","manual_review"
"SILICON VALLEY VILLAGE MHP","7d0bc8e9-b228-4907-af7d-b5be11cc8b04","2026-08-28","manual_review"
"SILICON VALLEY VILLAGE MOBILEHOME PARK","7d0bc8e9-b228-4907-af7d-b5be11cc8b04","2026-08-28","manual_review"
"CALIFORNIA BUSINESS PROPERTIES ASSOC. PAC","f3c17003-6e6a-48a2-8281-fe72d49a9905","2026-08-28","manual_review"
"CALIFORNIA BUSINESS PROPERTIES ASSOCIATION PAC","f3c17003-6e6a-48a2-8281-fe72d49a9905","2026-08-28","manual_review"
"CALIFORNIA BUSINESS PROPERTIES ASSOCIATION POLITICAL ACTION COMMITTEE (CBPA-PAC)","f3c17003-6e6a-48a2-8281-fe72d49a9905","2026-08-28","manual_review"
"O'BRYAN ELECTRIC INC.","27b89116-639f-4ec3-b976-69a0051edbd5","2026-08-28","manual_review"
"O'BRYANT ELECTRIC","27b89116-639f-4ec3-b976-69a0051edbd5","2026-08-28","manual_review"
"ECLIPSE PROPERTY MANAGEMENT, INC.","71d56587-317f-4a7c-a0b2-f39bbea50e20","2026-08-28","manual_review"
"SELECT PROPERTY MANAGEMENT INC.","37219b22-3d4e-478d-bfc7-6dd61bb60112","2026-08-28","manual_review"
"SAIZ CONSTRUCTION AND DEVELOPMENT COMPANY","6b7bc551-e4bb-4d94-8b35-e307c63bb8b1","2026-08-28","manual_review"
"SPEED CONSTRUCTION AND DEVELOPMENT, INC.","1cbeb0e7-214a-4b97-8e02-1862912ecdb3","2026-08-28","manual_review"
"USA MULTIFAMILY MANAGEMENT, INC.","98c51ee4-64dd-4070-9ef3-d75e0f78f0ea","2026-08-28","manual_review"
"USA MULTIFAMILY MANAGEMENT, INC. *","98c51ee4-64dd-4070-9ef3-d75e0f78f0ea","2026-08-28","manual_review"
"CALIFORNIA DENTAL HYGIENISTS' ASSOCIATION","46616603-be7f-40ca-a862-a832898e0405","2026-08-28","manual_review"
"EAST BAY CALIFORNIA DENTAL HYGIENISTS ASSOCIATION","13968a6d-31c3-41c5-80b9-30107df4dffa","2026-08-28","manual_review"
"CLM CATTLEMEN'S LIVESTOCK MARKET INC","6b8b52ac-1383-4c01-84da-761e5277c14f","2026-08-28","manual_review"
"CLM CATTLEMEN'S LIVESTOCK MARKET INC RUA","6b8b52ac-1383-4c01-84da-761e5277c14f","2026-08-28","manual_review"
"TRINITY MANAGEMENT AND RE SERVICES INC","b832bf06-3096-45f8-a4fe-abd7386851b3","2026-08-28","manual_review"
"TRINITY MANAGEMENT SERVICES","50c2b1a4-4ce9-4649-8ed4-41fe4c0a6420","2026-08-28","manual_review"
"SHEET METAL WORKERS LOCAL UNION 104 PAC","2a59a77b-5633-40b1-bd8e-2ca9e99e5e61","2026-08-28","manual_review"
"SHEET METAL WORKERS LOCAL UNION 104 POLITICAL COMMITTEE","2a59a77b-5633-40b1-bd8e-2ca9e99e5e61","2026-08-28","manual_review"
"SHEET METAL WORKERS LOCAL UNION 104 POLTICAL COMMITTEE","2a59a77b-5633-40b1-bd8e-2ca9e99e5e61","2026-08-28","manual_review"
"ARMEX FARMS, LLC (MONICA MIRZAYAN)","8c71b993-0461-462c-9d8e-47be8387f3a0","2026-08-28","manual_review"
"PRIMEX FARMS","cfbe3198-d822-4d2d-ada3-4f6c67120c23","2026-08-28","manual_review"
"MONTEREY PENINSULA SURGERY CENTER - MUNRAS","bf176af7-1589-4feb-bec2-ac00847bdc17","2026-08-28","manual_review"
"MONTEREY PENINSULA SURGERY CENTER - RYAN RANCH","bf176af7-1589-4feb-bec2-ac00847bdc17","2026-08-28","manual_review"
"MONTEREY PENINSULA SURGERY CENTERS - SALINAS SC","bf176af7-1589-4feb-bec2-ac00847bdc17","2026-08-28","manual_review"
"MONTEREY PENINSULA SURGERY CENTER, LLC(CARRIE MILLSAP)","bf176af7-1589-4feb-bec2-ac00847bdc17","2026-08-28","manual_review"
"MONTEREY PENINSULA SURGERY CENTER, LLC(DAVID AWERBUCK)","bf176af7-1589-4feb-bec2-ac00847bdc17","2026-08-28","manual_review"
"YUHAAVIATAM OF SAN MANUEL NATION (FKA SAN MANUEL BAND OF MISSION INDIANS)","9b684272-9a29-47be-866b-bf0fd7277545","2026-08-28","manual_review"
"YUHAAVIATAM OF SAN MANUEL NATIONS","9b684272-9a29-47be-866b-bf0fd7277545","2026-08-28","manual_review"
"BROOKFIELD PROPERTIES, INC.","1dc03b59-557c-4efa-9d3c-365225fc5ee4","2026-08-28","manual_review"
"BROOKFIELD PROPERTY GROUP LLC(RESPONSIBLE OFFICER: CHRISTOPHER WONG)","ed22cc89-f330-4ae2-9060-ebb4bf92da6a","2026-08-28","manual_review"
"REVIVER","a86fb2cf-d656-40bb-8304-90794e7e2f61","2026-08-28","manual_review"
"REVIVERMX, INC.","a86fb2cf-d656-40bb-8304-90794e7e2f61","2026-08-28","manual_review"
"WEST COAST PROPERTY MANAGEMENT","d611e78d-a234-4178-a590-327bde547b78","2026-08-28","manual_review"
"WEST COAST PROPERTY MANAGEMENT / MAJ PARTNERS","d611e78d-a234-4178-a590-327bde547b78","2026-08-28","manual_review"
"CAPE COD VILLAGE MOBILEHOME COMMUNITY","37adda55-be30-435b-b08c-44911e99a510","2026-08-28","manual_review"
"WESTWOOD MOBILEHOME COMMUNITY","10bcba76-703c-48f4-8ff9-535b9e1bba12","2026-08-28","manual_review"
"WESTWOOD VILLAGE MOBILE HOME COMMUNITY","d83e792a-0a21-4715-91fe-5cf81332d7ba","2026-08-28","manual_review"
"WOODBRIDGE MOBILEHOME COMMUNITY","3b37572f-f431-40fb-9dd8-f50ace87851a","2026-08-28","manual_review"
"WOODSIDE VILLAGE MOBILEHOME COMMUNITY","751b8511-9e7e-418e-bef9-2369d840a71b","2026-08-28","manual_review"
"DELTA DENTAL","72b01a76-8c72-4ee9-abd1-280d718fbf2a","2026-08-28","manual_review"
"DELTA DENTAL INSURANCE COMPANY","72b01a76-8c72-4ee9-abd1-280d718fbf2a","2026-08-28","manual_review"
"DELTA DENTAL OF CALIFORNIA","72b01a76-8c72-4ee9-abd1-280d718fbf2a","2026-08-28","manual_review"
"AGRICULTURAL COUNCIL OF CALIFORNIA","3c37f572-1730-49d9-a161-5aaa0f4e2d9d","2026-08-28","manual_review"
"AGRICULTURAL COUNCIL OF CALIFORNIA PAC","3c37f572-1730-49d9-a161-5aaa0f4e2d9d","2026-08-28","manual_review"
"CA DEFENSE COUNSEL PAC","d23a47b8-3496-4e98-9a2d-73da985586fb","2026-08-28","manual_review"
"CALIFORNIA DEFENSE COUNSEL PAC","d23a47b8-3496-4e98-9a2d-73da985586fb","2026-08-28","manual_review"
"CALIFORNIA DEFENSE COUNSEL POLITICAL ACTION COMMITTEE","d23a47b8-3496-4e98-9a2d-73da985586fb","2026-08-28","manual_review"
"WESTERN STATES COUNCIL OF SHEET METAL WORKERS PAC","24fbb758-54d7-41a4-aa5e-e8bae12be7af","2026-08-28","manual_review"
"WESTERN STATES COUNCIL OF SHEET METAL WORKERS PAC SMALL CONTRIBUTOR COMMITTEE","24fbb758-54d7-41a4-aa5e-e8bae12be7af","2026-08-28","manual_review"
"WESTERN STATES COUNCIL OF SHEET METAL WORKERS POLITICAL ACTION COMMITTEE","24fbb758-54d7-41a4-aa5e-e8bae12be7af","2026-08-28","manual_review"
"WESTERN STATES PAC","24fbb758-54d7-41a4-aa5e-e8bae12be7af","2026-08-28","manual_review"
"UNITED AGRICULTURAL POLITICAL ACTION COMMITTEE","9a7a237a-0044-4ed1-ae3f-752c98eff85c","2026-08-28","manual_review"
"UNITED AGRICULTURAL POLITICAL ACTION COMMITTEE (RESTRICTED USE ACCOUNT)","9a7a237a-0044-4ed1-ae3f-752c98eff85c","2026-08-28","manual_review"
"ASPEN SKILLED HEALTHCARE INC","b061568b-b97b-4e86-8412-1dd9c6709477","2026-08-28","manual_review"
"ASPEN SKILLED HEALTHCARE INC.","b061568b-b97b-4e86-8412-1dd9c6709477","2026-08-28","manual_review"
"ESC LOCAL 20 IFPTE LOU LUCIVERO LEGISLATIVE EDUCATION & ACTION PROGRAM (LEAP), SPONSORED BY ENGINEERS & SCIENTISTS OF CA","86ebc0d4-ae92-4aae-9d46-f374cc0c11ca","2026-08-28","manual_review"
"ESC LOCAL 20 IFPTE LOU LUCIVERO LEGISLATIVE EDUCATION & ACTION PROGRAM (LEAP), SPONSORED BY ENGINEERS & SCIENTISTS OF CALIFORNIA LOCAL 20","86ebc0d4-ae92-4aae-9d46-f374cc0c11ca","2026-08-28","manual_review"
"SPECIALTY EQUIPMENT MARKET ASSN & PERFORMANCE RACING INC. CA PAC","fbf5cb48-3f66-4758-847e-3b28be535f2e","2026-08-28","manual_review"
"SPECIALTY EQUIPMENT MARKET ASSOCIATION","fbf5cb48-3f66-4758-847e-3b28be535f2e","2026-08-28","manual_review"
"SPECIALTY EQUIPMENT MARKET ASSOCIATION & PERFORMANCE RACING, INC.","fbf5cb48-3f66-4758-847e-3b28be535f2e","2026-08-28","manual_review"
"SPECIALTY EQUIPMENT MARKET ASSOCIATION & PERFORMANCE RACING, INC. (SEMA) CA PAC","fbf5cb48-3f66-4758-847e-3b28be535f2e","2026-08-28","manual_review"
"SPECIALTY EQUIPMENT MARKET ASSOCIATION & PERFORMANCE RACING, INC. CALIFORNIA PAC","fbf5cb48-3f66-4758-847e-3b28be535f2e","2026-08-28","manual_review"
"SPECIALTY EQUIPMENT MARKET ASSOCIATION AND PERFORMANCE RACING, INC.","fbf5cb48-3f66-4758-847e-3b28be535f2e","2026-08-28","manual_review"
"SPECIALTY EQUIPMENT MARKET ASSOCIATION AND PERFORMANCE RACING, INC. CALIFORNIA POLITICAL ACTION COMMITTEE","fbf5cb48-3f66-4758-847e-3b28be535f2e","2026-08-28","manual_review"
"SPECIALTY EQUIPMENT MARKET ASSOCIATION CALIFORNIA POLITICAL ACTION COMMITTEE","fbf5cb48-3f66-4758-847e-3b28be535f2e","2026-08-28","manual_review"
"DREYER BABICH BUCCOLA WOOD & CAMPORA, LLP","323fdaee-f2c5-4592-88c9-29ed3ac37007","2026-08-28","manual_review"
"DREYER BABICH BUCCOLA WOOD CAMPORA, LLP (ROGER DREYER)","323fdaee-f2c5-4592-88c9-29ed3ac37007","2026-08-28","manual_review"
"FANDUEL GROUP, INC.","26572759-8d64-47f0-8067-390dfc9be4ff","2026-08-28","manual_review"
"FANDUEL INC.","26572759-8d64-47f0-8067-390dfc9be4ff","2026-08-28","manual_review"
"HIMS, INC","6069841d-2c6a-4089-b599-2175117f3ec1","2026-08-28","manual_review"
"HIMS, INC.","6069841d-2c6a-4089-b599-2175117f3ec1","2026-08-28","manual_review"
"LABOR TIME INC","e544e4f5-9bef-4ffe-9b8a-65d6d9919563","2026-08-28","manual_review"
"LABOR TIME INC.","e544e4f5-9bef-4ffe-9b8a-65d6d9919563","2026-08-28","manual_review"
"KINDRED HEALTHCARE OPERATING, LLC","679d3fa5-2d28-4392-ad76-a92da415c817","2026-08-28","manual_review"
"KINDRED HEALTHCARE OPERATING, LLC(STEVE ALBRECHT)","679d3fa5-2d28-4392-ad76-a92da415c817","2026-08-28","manual_review"
"MCDONALD'S USA, LLC, INCLUDING MCDONALD'S CORPORATION","2e0f297b-4626-4da0-8509-86d3458f2d8e","2026-08-28","manual_review"
"MCDONALD'S USA, LLC, INCLUDING MCDONALD'S CORPORATION(LAUREN AGUILAR)","2e0f297b-4626-4da0-8509-86d3458f2d8e","2026-08-28","manual_review"
"ARCADIAN INFRACOM","fe22b3d1-0174-42a2-a948-0d93997c4051","2026-08-28","manual_review"
"ARCADIAN INFRACOM, INC.","fe22b3d1-0174-42a2-a948-0d93997c4051","2026-08-28","manual_review"
"CAL PACIFIC SUPPLY","157040a8-e5bc-4b33-abb6-d98d3af3ad9e","2026-08-28","manual_review"
"CAL PACIFIC SUPPLY INC.","157040a8-e5bc-4b33-abb6-d98d3af3ad9e","2026-08-28","manual_review"
"CAMBRIDGE HEALTHCARE SERVICES (CASSIE DUNHAM)","1074ba87-5505-4bca-831a-029e363b26d1","2026-08-28","manual_review"
"CAMBRIDGE HEALTHCARE SERVICES LLC","1074ba87-5505-4bca-831a-029e363b26d1","2026-08-28","manual_review"
"CALIFORNIA WATER ASSOCIATION PAC","e85e93fb-c52c-4792-9015-920387c224fb","2026-08-28","manual_review"
"CALIFORNIA WATER ASSOCIATION POLITICAL ACTION COMMITTEE","e85e93fb-c52c-4792-9015-920387c224fb","2026-08-28","manual_review"
"KINGS OIL TOOLS","91961377-b880-462b-a1ae-f8e6a45c7cad","2026-08-28","manual_review"
"KINGS OIL TOOLS INC","91961377-b880-462b-a1ae-f8e6a45c7cad","2026-08-28","manual_review"
"MCNICHOLAS & MCNICHOLAS LLP (MATTHEW S. MCNICHOLAS)","eb037b01-88d1-4a43-a479-022615a8aa08","2026-08-28","manual_review"
"MCNICHOLAS & MCNICHOLAS, LLP","eb037b01-88d1-4a43-a479-022615a8aa08","2026-08-28","manual_review"
"MEDIC AMBULANCE SERVICE, INC.","da6b9fd4-b3f5-473f-90f3-cc388246fde0","2026-08-28","manual_review"
"PANISH SHEA RAVIPUDI LLP (JESSIE KOHLER)","168c1897-62ff-4f81-a8eb-45906083dcde","2026-08-28","manual_review"
"PANISH SHEA RAVIPUDI, LLP","168c1897-62ff-4f81-a8eb-45906083dcde","2026-08-28","manual_review"
"PANISH, SHEA, RAVIPUDI LLP","168c1897-62ff-4f81-a8eb-45906083dcde","2026-08-28","manual_review"
"SAN JOSE WATER","47b3a389-d8dd-424a-b7d5-037bd0c66dae","2026-08-28","manual_review"
"SAN JOSE WATER COMPANY","47b3a389-d8dd-424a-b7d5-037bd0c66dae","2026-08-28","manual_review"
"STANISLAUS FOOD PRODUCTS COMPANY","527381c9-9828-4a49-97c1-069969d3f759","2026-08-28","manual_review"
"STANISLAUS FOOD PRODUCTS, LLC","527381c9-9828-4a49-97c1-069969d3f759","2026-08-28","manual_review"
"SMART JUSTICE AMERICA ACTION FUND (FEC ID#C00889832)","4662b15b-5048-451d-b51a-9de7295da62d","2026-08-28","manual_review"
"SMART JUSTICE CALIFORNIA ACTION FUND","72ca471c-3a80-442a-958a-bcb67a4ce3fb","2026-08-28","manual_review"
"J-C INVESTMENTS","c3093451-bee9-4ce5-abc2-1ee61ba434fc","2026-08-28","manual_review"
"JMK INVESTMENTS, INC.","56599660-3a47-43da-a963-22b163e8baf9","2026-08-28","manual_review"
"SPRINKLER FITTERS UNITED ASSOCIATION 709 P.A.C","33b3b8db-4411-4661-aadd-97f80ac13802","2026-08-28","manual_review"
"SPRINKLER FITTERS UNITED ASSOCIATION 709 P.A.C.","33b3b8db-4411-4661-aadd-97f80ac13802","2026-08-28","manual_review"
"BEHAN CONSTRUCTION","162a2bd0-c10c-4063-806b-3cf8d82ee5ed","2026-08-28","manual_review"
"VEEN CONSTRUCTION","6e206385-edaf-4c41-8458-0ced2f9edfba","2026-08-28","manual_review"
"LATEEFAH FOR CONGRESS","087819aa-6ae5-42da-bf44-512eb4b248e8","2026-08-28","manual_review"
"LATEEFAH SIMON FOR CONGRESS","087819aa-6ae5-42da-bf44-512eb4b248e8","2026-08-28","manual_review"
"ACE PUBLIC ADJUSTERS, INC.","ac181750-495d-4385-af60-3b50f23486dd","2026-08-28","manual_review"
"TIR PUBLIC ADJUSTERS, LLC","3c299834-6656-41c6-8982-449e08b36cea","2026-08-28","manual_review"
"CALIFORNIA ASIAN CHAMBER OF COMMERCE CANDIDATE PAC","6531392f-386c-4ad3-b73a-0b3aa3a7bf52","2026-08-28","manual_review"
"CALIFORNIA ASIAN CHAMBER OF COMMERCE CANDIDATE POLITICAL ACTION COMMITTEE","6531392f-386c-4ad3-b73a-0b3aa3a7bf52","2026-08-28","manual_review"
"UAW REGION 6 WESTERN STATES PAC","ca26dbdf-fd19-4f71-a33f-6b793b503c8e","2026-08-28","manual_review"
"UAW REGION 8 WESTERN STATES PAC","146113ac-7472-467a-bbe7-0513c0179190","2026-08-28","manual_review"
